id_cyc_unico,start_time,end_time,lat,lon,time,source,x_pix,y_pix,idorig
7001328,2011-11-05 05:00:00,2011-11-09 14:00:00,42.33,1.05,2011-11-05 05:00:00,CL7,287,90,1328
7001328,2011-11-05 05:00:00,2011-11-09 14:00:00,41.963,1.33,2011-11-05 06:00:00,CL7,293,98,1328
7001328,2011-11-05 05:00:00,2011-11-09 14:00:00,41.65,1.595,2011-11-05 07:00:00,CL7,298,106,1328
7001328,2011-11-05 05:00:00,2011-11-09 14:00:00,41.346,1.892,2011-11-05 08:00:00,CL7,305,113,1328
7001328,2011-11-05 05:00:00,2011-11-09 14:00:00,41.022,2.301,2011-11-05 09:00:00,CL7,315,120,1328
7001328,2011-11-05 05:00:00,2011-11-09 14:00:00,40.71,2.868,2011-11-05 10:00:00,CL7,329,127,1328
7001328,2011-11-05 05:00:00,2011-11-09 14:00:00,40.471,3.508,2011-11-05 11:00:00,CL7,345,133,1328
7001328,2011-11-05 05:00:00,2011-11-09 14:00:00,40.363,4.172,2011-11-05 12:00:00,CL7,363,135,1328
7001328,2011-11-05 05:00:00,2011-11-09 14:00:00,40.404,4.935,2011-11-05 13:00:00,CL7,384,134,1328
7001328,2011-11-05 05:00:00,2011-11-09 14:00:00,40.558,5.651,2011-11-05 14:00:00,CL7,403,130,1328
7001328,2011-11-05 05:00:00,2011-11-09 14:00:00,40.765,6.018,2011-11-05 15:00:00,CL7,414,125,1328
7001328,2011-11-05 05:00:00,2011-11-09 14:00:00,40.991,6.034,2011-11-05 16:00:00,CL7,414,120,1328
7001328,2011-11-05 05:00:00,2011-11-09 14:00:00,41.234,5.892,2011-11-05 17:00:00,CL7,411,114,1328
7001328,2011-11-05 05:00:00,2011-11-09 14:00:00,41.479,5.691,2011-11-05 18:00:00,CL7,406,108,1328
7001328,2011-11-05 05:00:00,2011-11-09 14:00:00,41.676,5.485,2011-11-05 19:00:00,CL7,401,104,1328
7001328,2011-11-05 05:00:00,2011-11-09 14:00:00,41.773,5.331,2011-11-05 20:00:00,CL7,397,101,1328
7001328,2011-11-05 05:00:00,2011-11-09 14:00:00,41.772,5.224,2011-11-05 21:00:00,CL7,394,102,1328
7001328,2011-11-05 05:00:00,2011-11-09 14:00:00,41.727,5.119,2011-11-05 22:00:00,CL7,391,103,1328
7001328,2011-11-05 05:00:00,2011-11-09 14:00:00,41.657,5.01,2011-11-05 23:00:00,CL7,388,104,1328
7001328,2011-11-05 05:00:00,2011-11-09 14:00:00,41.556,4.921,2011-11-06 00:00:00,CL7,386,107,1328
7001328,2011-11-05 05:00:00,2011-11-09 14:00:00,41.441,4.84,2011-11-06 01:00:00,CL7,383,109,1328
7001328,2011-11-05 05:00:00,2011-11-09 14:00:00,41.34,4.741,2011-11-06 02:00:00,CL7,380,112,1328
7001328,2011-11-05 05:00:00,2011-11-09 14:00:00,41.26,4.622,2011-11-06 03:00:00,CL7,377,114,1328
7001328,2011-11-05 05:00:00,2011-11-09 14:00:00,41.192,4.519,2011-11-06 04:00:00,CL7,374,115,1328
7001328,2011-11-05 05:00:00,2011-11-09 14:00:00,41.126,4.454,2011-11-06 05:00:00,CL7,372,117,1328
7001328,2011-11-05 05:00:00,2011-11-09 14:00:00,41.06,4.412,2011-11-06 06:00:00,CL7,371,119,1328
7001328,2011-11-05 05:00:00,2011-11-09 14:00:00,40.991,4.362,2011-11-06 07:00:00,CL7,370,120,1328
7001328,2011-11-05 05:00:00,2011-11-09 14:00:00,40.907,4.279,2011-11-06 08:00:00,CL7,367,122,1328
7001328,2011-11-05 05:00:00,2011-11-09 14:00:00,40.802,4.162,2011-11-06 09:00:00,CL7,364,125,1328
7001328,2011-11-05 05:00:00,2011-11-09 14:00:00,40.688,4.038,2011-11-06 10:00:00,CL7,360,128,1328
7001328,2011-11-05 05:00:00,2011-11-09 14:00:00,40.572,3.933,2011-11-06 11:00:00,CL7,357,130,1328
7001328,2011-11-05 05:00:00,2011-11-09 14:00:00,40.455,3.847,2011-11-06 12:00:00,CL7,355,133,1328
7001328,2011-11-05 05:00:00,2011-11-09 14:00:00,40.34,3.773,2011-11-06 13:00:00,CL7,352,136,1328
7001328,2011-11-05 05:00:00,2011-11-09 14:00:00,40.223,3.714,2011-11-06 14:00:00,CL7,350,139,1328
7001328,2011-11-05 05:00:00,2011-11-09 14:00:00,40.091,3.672,2011-11-06 15:00:00,CL7,349,142,1328
7001328,2011-11-05 05:00:00,2011-11-09 14:00:00,39.948,3.648,2011-11-06 16:00:00,CL7,348,146,1328
7001328,2011-11-05 05:00:00,2011-11-09 14:00:00,39.813,3.647,2011-11-06 17:00:00,CL7,347,149,1328
7001328,2011-11-05 05:00:00,2011-11-09 14:00:00,39.692,3.671,2011-11-06 18:00:00,CL7,348,152,1328
7001328,2011-11-05 05:00:00,2011-11-09 14:00:00,39.589,3.732,2011-11-06 19:00:00,CL7,349,154,1328
7001328,2011-11-05 05:00:00,2011-11-09 14:00:00,39.524,3.858,2011-11-06 20:00:00,CL7,352,156,1328
7001328,2011-11-05 05:00:00,2011-11-09 14:00:00,39.5,4.042,2011-11-06 21:00:00,CL7,357,156,1328
7001328,2011-11-05 05:00:00,2011-11-09 14:00:00,39.494,4.232,2011-11-06 22:00:00,CL7,363,156,1328
7001328,2011-11-05 05:00:00,2011-11-09 14:00:00,39.487,4.395,2011-11-06 23:00:00,CL7,367,157,1328
7001328,2011-11-05 05:00:00,2011-11-09 14:00:00,39.48,4.538,2011-11-07 00:00:00,CL7,371,157,1328
7001328,2011-11-05 05:00:00,2011-11-09 14:00:00,39.481,4.681,2011-11-07 01:00:00,CL7,375,157,1328
7001328,2011-11-05 05:00:00,2011-11-09 14:00:00,39.503,4.834,2011-11-07 02:00:00,CL7,379,156,1328
7001328,2011-11-05 05:00:00,2011-11-09 14:00:00,39.546,4.996,2011-11-07 03:00:00,CL7,384,155,1328
7001328,2011-11-05 05:00:00,2011-11-09 14:00:00,39.602,5.16,2011-11-07 04:00:00,CL7,388,154,1328
7001328,2011-11-05 05:00:00,2011-11-09 14:00:00,39.668,5.312,2011-11-07 05:00:00,CL7,393,152,1328
7001328,2011-11-05 05:00:00,2011-11-09 14:00:00,39.754,5.421,2011-11-07 06:00:00,CL7,396,150,1328
7001328,2011-11-05 05:00:00,2011-11-09 14:00:00,39.865,5.468,2011-11-07 07:00:00,CL7,397,147,1328
7001328,2011-11-05 05:00:00,2011-11-09 14:00:00,39.983,5.48,2011-11-07 08:00:00,CL7,398,144,1328
7001328,2011-11-05 05:00:00,2011-11-09 14:00:00,40.092,5.505,2011-11-07 09:00:00,CL7,399,141,1328
7001328,2011-11-05 05:00:00,2011-11-09 14:00:00,40.201,5.553,2011-11-07 10:00:00,CL7,400,139,1328
7001328,2011-11-05 05:00:00,2011-11-09 14:00:00,40.32,5.591,2011-11-07 11:00:00,CL7,401,136,1328
7001328,2011-11-05 05:00:00,2011-11-09 14:00:00,40.441,5.601,2011-11-07 12:00:00,CL7,402,133,1328
7001328,2011-11-05 05:00:00,2011-11-09 14:00:00,40.55,5.59,2011-11-07 13:00:00,CL7,402,130,1328
7001328,2011-11-05 05:00:00,2011-11-09 14:00:00,40.643,5.57,2011-11-07 14:00:00,CL7,401,128,1328
7001328,2011-11-05 05:00:00,2011-11-09 14:00:00,40.717,5.544,2011-11-07 15:00:00,CL7,401,126,1328
7001328,2011-11-05 05:00:00,2011-11-09 14:00:00,40.777,5.515,2011-11-07 16:00:00,CL7,400,125,1328
7001328,2011-11-05 05:00:00,2011-11-09 14:00:00,40.828,5.478,2011-11-07 17:00:00,CL7,399,124,1328
7001328,2011-11-05 05:00:00,2011-11-09 14:00:00,40.874,5.427,2011-11-07 18:00:00,CL7,398,123,1328
7001328,2011-11-05 05:00:00,2011-11-09 14:00:00,40.915,5.367,2011-11-07 19:00:00,CL7,396,122,1328
7001328,2011-11-05 05:00:00,2011-11-09 14:00:00,40.955,5.311,2011-11-07 20:00:00,CL7,395,121,1328
7001328,2011-11-05 05:00:00,2011-11-09 14:00:00,41.001,5.267,2011-11-07 21:00:00,CL7,394,120,1328
7001328,2011-11-05 05:00:00,2011-11-09 14:00:00,41.043,5.246,2011-11-07 22:00:00,CL7,393,119,1328
7001328,2011-11-05 05:00:00,2011-11-09 14:00:00,41.075,5.25,2011-11-07 23:00:00,CL7,394,118,1328
7001328,2011-11-05 05:00:00,2011-11-09 14:00:00,41.1,5.28,2011-11-08 00:00:00,CL7,394,117,1328
7001328,2011-11-05 05:00:00,2011-11-09 14:00:00,41.123,5.332,2011-11-08 01:00:00,CL7,396,117,1328
7001328,2011-11-05 05:00:00,2011-11-09 14:00:00,41.151,5.405,2011-11-08 02:00:00,CL7,398,116,1328
7001328,2011-11-05 05:00:00,2011-11-09 14:00:00,41.181,5.501,2011-11-08 03:00:00,CL7,400,115,1328
7001328,2011-11-05 05:00:00,2011-11-09 14:00:00,41.211,5.622,2011-11-08 04:00:00,CL7,404,115,1328
7001328,2011-11-05 05:00:00,2011-11-09 14:00:00,41.245,5.76,2011-11-08 05:00:00,CL7,407,114,1328
7001328,2011-11-05 05:00:00,2011-11-09 14:00:00,41.291,5.899,2011-11-08 06:00:00,CL7,411,113,1328
7001328,2011-11-05 05:00:00,2011-11-09 14:00:00,41.353,6.03,2011-11-08 07:00:00,CL7,415,111,1328
7001328,2011-11-05 05:00:00,2011-11-09 14:00:00,41.43,6.15,2011-11-08 08:00:00,CL7,418,109,1328
7001328,2011-11-05 05:00:00,2011-11-09 14:00:00,41.514,6.253,2011-11-08 09:00:00,CL7,421,107,1328
7001328,2011-11-05 05:00:00,2011-11-09 14:00:00,41.594,6.333,2011-11-08 10:00:00,CL7,423,105,1328
7001328,2011-11-05 05:00:00,2011-11-09 14:00:00,41.668,6.388,2011-11-08 11:00:00,CL7,425,104,1328
7001328,2011-11-05 05:00:00,2011-11-09 14:00:00,41.74,6.421,2011-11-08 12:00:00,CL7,426,102,1328
7001328,2011-11-05 05:00:00,2011-11-09 14:00:00,41.803,6.443,2011-11-08 13:00:00,CL7,426,101,1328
7001328,2011-11-05 05:00:00,2011-11-09 14:00:00,41.859,6.463,2011-11-08 14:00:00,CL7,427,99,1328
7001328,2011-11-05 05:00:00,2011-11-09 14:00:00,41.917,6.482,2011-11-08 15:00:00,CL7,428,98,1328
7001328,2011-11-05 05:00:00,2011-11-09 14:00:00,41.973,6.497,2011-11-08 16:00:00,CL7,428,97,1328
7001328,2011-11-05 05:00:00,2011-11-09 14:00:00,42.017,6.505,2011-11-08 17:00:00,CL7,428,96,1328
7001328,2011-11-05 05:00:00,2011-11-09 14:00:00,42.049,6.504,2011-11-08 18:00:00,CL7,428,95,1328
7001328,2011-11-05 05:00:00,2011-11-09 14:00:00,42.077,6.492,2011-11-08 19:00:00,CL7,428,94,1328
7001328,2011-11-05 05:00:00,2011-11-09 14:00:00,42.114,6.459,2011-11-08 20:00:00,CL7,427,93,1328
7001328,2011-11-05 05:00:00,2011-11-09 14:00:00,42.161,6.401,2011-11-08 21:00:00,CL7,426,92,1328
7001328,2011-11-05 05:00:00,2011-11-09 14:00:00,42.209,6.335,2011-11-08 22:00:00,CL7,424,91,1328
7001328,2011-11-05 05:00:00,2011-11-09 14:00:00,42.248,6.287,2011-11-08 23:00:00,CL7,423,90,1328
7001328,2011-11-05 05:00:00,2011-11-09 14:00:00,42.274,6.269,2011-11-09 00:00:00,CL7,423,90,1328
7001328,2011-11-05 05:00:00,2011-11-09 14:00:00,42.296,6.26,2011-11-09 01:00:00,CL7,422,89,1328
7001328,2011-11-05 05:00:00,2011-11-09 14:00:00,42.332,6.222,2011-11-09 02:00:00,CL7,421,88,1328
7001328,2011-11-05 05:00:00,2011-11-09 14:00:00,42.38,6.145,2011-11-09 03:00:00,CL7,419,87,1328
7001328,2011-11-05 05:00:00,2011-11-09 14:00:00,42.421,6.047,2011-11-09 04:00:00,CL7,417,86,1328
7001328,2011-11-05 05:00:00,2011-11-09 14:00:00,42.445,5.936,2011-11-09 05:00:00,CL7,414,86,1328
7001328,2011-11-05 05:00:00,2011-11-09 14:00:00,42.456,5.814,2011-11-09 06:00:00,CL7,411,86,1328
7001328,2011-11-05 05:00:00,2011-11-09 14:00:00,42.475,5.675,2011-11-09 07:00:00,CL7,407,85,1328
7001328,2011-11-05 05:00:00,2011-11-09 14:00:00,42.518,5.493,2011-11-09 08:00:00,CL7,403,84,1328
7001328,2011-11-05 05:00:00,2011-11-09 14:00:00,42.588,5.256,2011-11-09 09:00:00,CL7,397,83,1328
7001328,2011-11-05 05:00:00,2011-11-09 14:00:00,42.683,5.005,2011-11-09 10:00:00,CL7,390,81,1328
7001328,2011-11-05 05:00:00,2011-11-09 14:00:00,42.801,4.788,2011-11-09 11:00:00,CL7,385,78,1328
7001328,2011-11-05 05:00:00,2011-11-09 14:00:00,42.93,4.603,2011-11-09 12:00:00,CL7,380,75,1328
7001328,2011-11-05 05:00:00,2011-11-09 14:00:00,43.068,4.427,2011-11-09 13:00:00,CL7,376,72,1328
7001328,2011-11-05 05:00:00,2011-11-09 14:00:00,43.21,4.25,2011-11-09 14:00:00,CL7,372,69,1328
7001430,2014-01-18 21:00:00,2014-01-22 09:00:00,37.382,-6.662,2014-01-19 03:00:00,CL7,56,216,1430
7001430,2014-01-18 21:00:00,2014-01-22 09:00:00,37.101,-5.815,2014-01-19 04:00:00,CL7,77,223,1430
7001430,2014-01-18 21:00:00,2014-01-22 09:00:00,36.867,-5.05,2014-01-19 05:00:00,CL7,97,228,1430
7001430,2014-01-18 21:00:00,2014-01-22 09:00:00,36.701,-4.367,2014-01-19 06:00:00,CL7,114,232,1430
7001430,2014-01-18 21:00:00,2014-01-22 09:00:00,36.604,-3.741,2014-01-19 07:00:00,CL7,131,234,1430
7001430,2014-01-18 21:00:00,2014-01-22 09:00:00,36.568,-3.135,2014-01-19 08:00:00,CL7,148,235,1430
7001430,2014-01-18 21:00:00,2014-01-22 09:00:00,36.595,-2.516,2014-01-19 09:00:00,CL7,165,233,1430
7001430,2014-01-18 21:00:00,2014-01-22 09:00:00,36.68,-1.884,2014-01-19 10:00:00,CL7,183,231,1430
7001430,2014-01-18 21:00:00,2014-01-22 09:00:00,36.793,-1.25,2014-01-19 11:00:00,CL7,201,228,1430
7001430,2014-01-18 21:00:00,2014-01-22 09:00:00,36.905,-0.626,2014-01-19 12:00:00,CL7,219,224,1430
7001430,2014-01-18 21:00:00,2014-01-22 09:00:00,37.008,-0.016,2014-01-19 13:00:00,CL7,237,221,1430
7001430,2014-01-18 21:00:00,2014-01-22 09:00:00,37.115,0.585,2014-01-19 14:00:00,CL7,254,218,1430
7001430,2014-01-18 21:00:00,2014-01-22 09:00:00,37.242,1.177,2014-01-19 15:00:00,CL7,271,215,1430
7001430,2014-01-18 21:00:00,2014-01-22 09:00:00,37.38,1.754,2014-01-19 16:00:00,CL7,288,211,1430
7001430,2014-01-18 21:00:00,2014-01-22 09:00:00,37.496,2.306,2014-01-19 17:00:00,CL7,304,207,1430
7001430,2014-01-18 21:00:00,2014-01-22 09:00:00,37.58,2.832,2014-01-19 18:00:00,CL7,319,205,1430
7001430,2014-01-18 21:00:00,2014-01-22 09:00:00,37.661,3.35,2014-01-19 19:00:00,CL7,334,203,1430
7001430,2014-01-18 21:00:00,2014-01-22 09:00:00,37.76,3.884,2014-01-19 20:00:00,CL7,349,200,1430
7001430,2014-01-18 21:00:00,2014-01-22 09:00:00,37.875,4.438,2014-01-19 21:00:00,CL7,365,197,1430
7001430,2014-01-18 21:00:00,2014-01-22 09:00:00,38.01,5.0,2014-01-19 22:00:00,CL7,381,193,1430
7001430,2014-01-18 21:00:00,2014-01-22 09:00:00,38.162,5.564,2014-01-19 23:00:00,CL7,397,189,1430
7001430,2014-01-18 21:00:00,2014-01-22 09:00:00,38.321,6.13,2014-01-20 00:00:00,CL7,413,185,1430
7001430,2014-01-18 21:00:00,2014-01-22 09:00:00,38.481,6.687,2014-01-20 01:00:00,CL7,429,181,1430
7001430,2014-01-18 21:00:00,2014-01-22 09:00:00,38.642,7.22,2014-01-20 02:00:00,CL7,444,177,1430
7001430,2014-01-18 21:00:00,2014-01-22 09:00:00,38.808,7.721,2014-01-20 03:00:00,CL7,458,173,1430
7001430,2014-01-18 21:00:00,2014-01-22 09:00:00,38.998,8.207,2014-01-20 04:00:00,CL7,471,168,1430
7001430,2014-01-18 21:00:00,2014-01-22 09:00:00,39.259,8.688,2014-01-20 05:00:00,CL7,485,162,1430
7001430,2014-01-18 21:00:00,2014-01-22 09:00:00,39.602,9.147,2014-01-20 06:00:00,CL7,498,153,1430
7001430,2014-01-18 21:00:00,2014-01-22 09:00:00,39.965,9.536,2014-01-20 07:00:00,CL7,508,144,1430
7001430,2014-01-18 21:00:00,2014-01-22 09:00:00,40.274,9.839,2014-01-20 08:00:00,CL7,517,137,1430
7001430,2014-01-18 21:00:00,2014-01-22 09:00:00,40.514,10.096,2014-01-20 09:00:00,CL7,524,131,1430
7001430,2014-01-18 21:00:00,2014-01-22 09:00:00,40.716,10.337,2014-01-20 10:00:00,CL7,530,126,1430
7001430,2014-01-18 21:00:00,2014-01-22 09:00:00,40.911,10.563,2014-01-20 11:00:00,CL7,536,121,1430
7001430,2014-01-18 21:00:00,2014-01-22 09:00:00,41.114,10.764,2014-01-20 12:00:00,CL7,541,117,1430
7001430,2014-01-18 21:00:00,2014-01-22 09:00:00,41.324,10.924,2014-01-20 13:00:00,CL7,545,112,1430
7001430,2014-01-18 21:00:00,2014-01-22 09:00:00,41.514,11.048,2014-01-20 14:00:00,CL7,549,107,1430
7001430,2014-01-18 21:00:00,2014-01-22 09:00:00,41.654,11.159,2014-01-20 15:00:00,CL7,551,104,1430
7001430,2014-01-18 21:00:00,2014-01-22 09:00:00,41.726,11.289,2014-01-20 16:00:00,CL7,555,102,1430
7001430,2014-01-18 21:00:00,2014-01-22 09:00:00,41.746,11.459,2014-01-20 17:00:00,CL7,559,102,1430
7001430,2014-01-18 21:00:00,2014-01-22 09:00:00,41.764,11.623,2014-01-20 18:00:00,CL7,564,101,1430
7001430,2014-01-18 21:00:00,2014-01-22 09:00:00,41.814,11.715,2014-01-20 19:00:00,CL7,566,100,1430
7001430,2014-01-18 21:00:00,2014-01-22 09:00:00,41.859,11.759,2014-01-20 20:00:00,CL7,567,99,1430
7001430,2014-01-18 21:00:00,2014-01-22 09:00:00,41.871,11.843,2014-01-20 21:00:00,CL7,569,99,1430
7001430,2014-01-18 21:00:00,2014-01-22 09:00:00,41.858,12.01,2014-01-20 22:00:00,CL7,574,99,1430
7001430,2014-01-18 21:00:00,2014-01-22 09:00:00,41.803,12.181,2014-01-20 23:00:00,CL7,578,100,1430
7001430,2014-01-18 21:00:00,2014-01-22 09:00:00,41.766,12.345,2014-01-21 00:00:00,CL7,583,101,1430
7001430,2014-01-18 21:00:00,2014-01-22 09:00:00,41.921,12.699,2014-01-21 01:00:00,CL7,592,98,1430
7001430,2014-01-18 21:00:00,2014-01-22 09:00:00,42.284,13.288,2014-01-21 02:00:00,CL7,607,90,1430
7001430,2014-01-18 21:00:00,2014-01-22 09:00:00,42.645,13.855,2014-01-21 03:00:00,CL7,621,81,1430
7001430,2014-01-18 21:00:00,2014-01-22 09:00:00,42.842,14.179,2014-01-21 04:00:00,CL7,629,77,1430
7001430,2014-01-18 21:00:00,2014-01-22 09:00:00,42.866,14.271,2014-01-21 05:00:00,CL7,631,76,1430
7001430,2014-01-18 21:00:00,2014-01-22 09:00:00,42.813,14.284,2014-01-21 06:00:00,CL7,632,78,1430
7001430,2014-01-18 21:00:00,2014-01-22 09:00:00,42.769,14.326,2014-01-21 07:00:00,CL7,633,79,1430
7001430,2014-01-18 21:00:00,2014-01-22 09:00:00,42.764,14.41,2014-01-21 08:00:00,CL7,635,79,1430
7001430,2014-01-18 21:00:00,2014-01-22 09:00:00,42.824,14.54,2014-01-21 09:00:00,CL7,638,77,1430
7001430,2014-01-18 21:00:00,2014-01-22 09:00:00,42.947,14.706,2014-01-21 10:00:00,CL7,642,75,1430
7001430,2014-01-18 21:00:00,2014-01-22 09:00:00,43.073,14.863,2014-01-21 11:00:00,CL7,646,72,1430
7001430,2014-01-18 21:00:00,2014-01-22 09:00:00,43.155,14.982,2014-01-21 12:00:00,CL7,649,70,1430
7001430,2014-01-18 21:00:00,2014-01-22 09:00:00,43.192,15.057,2014-01-21 13:00:00,CL7,651,69,1430
7001430,2014-01-18 21:00:00,2014-01-22 09:00:00,43.195,15.065,2014-01-21 14:00:00,CL7,651,69,1430
7001430,2014-01-18 21:00:00,2014-01-22 09:00:00,43.165,15.018,2014-01-21 15:00:00,CL7,650,70,1430
7001430,2014-01-18 21:00:00,2014-01-22 09:00:00,43.11,14.969,2014-01-21 16:00:00,CL7,649,71,1430
7001430,2014-01-18 21:00:00,2014-01-22 09:00:00,43.046,14.95,2014-01-21 17:00:00,CL7,648,72,1430
7001430,2014-01-18 21:00:00,2014-01-22 09:00:00,42.987,14.966,2014-01-21 18:00:00,CL7,649,74,1430
7001430,2014-01-18 21:00:00,2014-01-22 09:00:00,42.936,15.012,2014-01-21 19:00:00,CL7,650,75,1430
7001430,2014-01-18 21:00:00,2014-01-22 09:00:00,42.903,15.071,2014-01-21 20:00:00,CL7,652,76,1430
7001430,2014-01-18 21:00:00,2014-01-22 09:00:00,42.877,15.143,2014-01-21 21:00:00,CL7,654,76,1430
7001430,2014-01-18 21:00:00,2014-01-22 09:00:00,42.835,15.242,2014-01-21 22:00:00,CL7,656,77,1430
7001430,2014-01-18 21:00:00,2014-01-22 09:00:00,42.78,15.35,2014-01-21 23:00:00,CL7,659,79,1430
7001430,2014-01-18 21:00:00,2014-01-22 09:00:00,42.732,15.444,2014-01-22 00:00:00,CL7,662,80,1430
7001430,2014-01-18 21:00:00,2014-01-22 09:00:00,42.702,15.533,2014-01-22 01:00:00,CL7,664,81,1430
7001430,2014-01-18 21:00:00,2014-01-22 09:00:00,42.685,15.629,2014-01-22 02:00:00,CL7,667,81,1430
7001430,2014-01-18 21:00:00,2014-01-22 09:00:00,42.677,15.727,2014-01-22 03:00:00,CL7,669,81,1430
7001430,2014-01-18 21:00:00,2014-01-22 09:00:00,42.672,15.823,2014-01-22 04:00:00,CL7,672,81,1430
7001430,2014-01-18 21:00:00,2014-01-22 09:00:00,42.659,15.916,2014-01-22 05:00:00,CL7,674,82,1430
7001430,2014-01-18 21:00:00,2014-01-22 09:00:00,42.634,15.993,2014-01-22 06:00:00,CL7,676,82,1430
7001430,2014-01-18 21:00:00,2014-01-22 09:00:00,42.611,16.03,2014-01-22 07:00:00,CL7,677,83,1430
7001430,2014-01-18 21:00:00,2014-01-22 09:00:00,42.61,16.024,2014-01-22 08:00:00,CL7,677,83,1430
7001430,2014-01-18 21:00:00,2014-01-22 09:00:00,42.62,16.0,2014-01-22 09:00:00,CL7,677,83,1430
7001461,2014-11-05 23:00:00,2014-11-10 10:00:00,32.61,10.44,2014-11-05 23:00:00,CL7,536,338,1461
7001461,2014-11-05 23:00:00,2014-11-10 10:00:00,32.836,10.681,2014-11-06 00:00:00,CL7,543,331,1461
7001461,2014-11-05 23:00:00,2014-11-10 10:00:00,33.119,10.889,2014-11-06 01:00:00,CL7,549,323,1461
7001461,2014-11-05 23:00:00,2014-11-10 10:00:00,33.448,11.076,2014-11-06 02:00:00,CL7,555,314,1461
7001461,2014-11-05 23:00:00,2014-11-10 10:00:00,33.791,11.261,2014-11-06 03:00:00,CL7,560,305,1461
7001461,2014-11-05 23:00:00,2014-11-10 10:00:00,34.116,11.453,2014-11-06 04:00:00,CL7,566,296,1461
7001461,2014-11-05 23:00:00,2014-11-10 10:00:00,34.417,11.641,2014-11-06 05:00:00,CL7,571,288,1461
7001461,2014-11-05 23:00:00,2014-11-10 10:00:00,34.688,11.807,2014-11-06 06:00:00,CL7,576,280,1461
7001461,2014-11-05 23:00:00,2014-11-10 10:00:00,34.824,11.953,2014-11-06 07:00:00,CL7,580,277,1461
7001461,2014-11-05 23:00:00,2014-11-10 10:00:00,34.691,12.106,2014-11-06 08:00:00,CL7,584,280,1461
7001461,2014-11-05 23:00:00,2014-11-10 10:00:00,34.334,12.259,2014-11-06 09:00:00,CL7,589,290,1461
7001461,2014-11-05 23:00:00,2014-11-10 10:00:00,33.937,12.345,2014-11-06 10:00:00,CL7,592,301,1461
7001461,2014-11-05 23:00:00,2014-11-10 10:00:00,33.647,12.362,2014-11-06 11:00:00,CL7,593,309,1461
7001461,2014-11-05 23:00:00,2014-11-10 10:00:00,33.571,12.396,2014-11-06 12:00:00,CL7,594,311,1461
7001461,2014-11-05 23:00:00,2014-11-10 10:00:00,33.769,12.477,2014-11-06 13:00:00,CL7,597,306,1461
7001461,2014-11-05 23:00:00,2014-11-10 10:00:00,34.169,12.573,2014-11-06 14:00:00,CL7,599,295,1461
7001461,2014-11-05 23:00:00,2014-11-10 10:00:00,34.635,12.644,2014-11-06 15:00:00,CL7,600,282,1461
7001461,2014-11-05 23:00:00,2014-11-10 10:00:00,35.073,12.674,2014-11-06 16:00:00,CL7,601,270,1461
7001461,2014-11-05 23:00:00,2014-11-10 10:00:00,35.44,12.668,2014-11-06 17:00:00,CL7,600,260,1461
7001461,2014-11-05 23:00:00,2014-11-10 10:00:00,35.725,12.641,2014-11-06 18:00:00,CL7,599,253,1461
7001461,2014-11-05 23:00:00,2014-11-10 10:00:00,35.929,12.601,2014-11-06 19:00:00,CL7,597,247,1461
7001461,2014-11-05 23:00:00,2014-11-10 10:00:00,36.031,12.533,2014-11-06 20:00:00,CL7,595,244,1461
7001461,2014-11-05 23:00:00,2014-11-10 10:00:00,36.027,12.442,2014-11-06 21:00:00,CL7,593,245,1461
7001461,2014-11-05 23:00:00,2014-11-10 10:00:00,35.984,12.355,2014-11-06 22:00:00,CL7,590,246,1461
7001461,2014-11-05 23:00:00,2014-11-10 10:00:00,35.965,12.289,2014-11-06 23:00:00,CL7,588,246,1461
7001461,2014-11-05 23:00:00,2014-11-10 10:00:00,35.985,12.238,2014-11-07 00:00:00,CL7,587,246,1461
7001461,2014-11-05 23:00:00,2014-11-10 10:00:00,36.04,12.193,2014-11-07 01:00:00,CL7,585,244,1461
7001461,2014-11-05 23:00:00,2014-11-10 10:00:00,36.112,12.162,2014-11-07 02:00:00,CL7,585,242,1461
7001461,2014-11-05 23:00:00,2014-11-10 10:00:00,36.181,12.159,2014-11-07 03:00:00,CL7,584,240,1461
7001461,2014-11-05 23:00:00,2014-11-10 10:00:00,36.241,12.19,2014-11-07 04:00:00,CL7,585,239,1461
7001461,2014-11-05 23:00:00,2014-11-10 10:00:00,36.299,12.239,2014-11-07 05:00:00,CL7,587,237,1461
7001461,2014-11-05 23:00:00,2014-11-10 10:00:00,36.351,12.292,2014-11-07 06:00:00,CL7,588,236,1461
7001461,2014-11-05 23:00:00,2014-11-10 10:00:00,36.382,12.349,2014-11-07 07:00:00,CL7,590,235,1461
7001461,2014-11-05 23:00:00,2014-11-10 10:00:00,36.385,12.415,2014-11-07 08:00:00,CL7,592,235,1461
7001461,2014-11-05 23:00:00,2014-11-10 10:00:00,36.364,12.496,2014-11-07 09:00:00,CL7,594,236,1461
7001461,2014-11-05 23:00:00,2014-11-10 10:00:00,36.321,12.609,2014-11-07 10:00:00,CL7,597,237,1461
7001461,2014-11-05 23:00:00,2014-11-10 10:00:00,36.265,12.775,2014-11-07 11:00:00,CL7,602,238,1461
7001461,2014-11-05 23:00:00,2014-11-10 10:00:00,36.218,12.996,2014-11-07 12:00:00,CL7,609,240,1461
7001461,2014-11-05 23:00:00,2014-11-10 10:00:00,36.198,13.257,2014-11-07 13:00:00,CL7,616,240,1461
7001461,2014-11-05 23:00:00,2014-11-10 10:00:00,36.211,13.533,2014-11-07 14:00:00,CL7,624,240,1461
7001461,2014-11-05 23:00:00,2014-11-10 10:00:00,36.254,13.803,2014-11-07 15:00:00,CL7,632,239,1461
7001461,2014-11-05 23:00:00,2014-11-10 10:00:00,36.319,14.052,2014-11-07 16:00:00,CL7,639,237,1461
7001461,2014-11-05 23:00:00,2014-11-10 10:00:00,36.393,14.272,2014-11-07 17:00:00,CL7,645,235,1461
7001461,2014-11-05 23:00:00,2014-11-10 10:00:00,36.467,14.461,2014-11-07 18:00:00,CL7,650,233,1461
7001461,2014-11-05 23:00:00,2014-11-10 10:00:00,36.543,14.625,2014-11-07 19:00:00,CL7,655,231,1461
7001461,2014-11-05 23:00:00,2014-11-10 10:00:00,36.621,14.77,2014-11-07 20:00:00,CL7,659,229,1461
7001461,2014-11-05 23:00:00,2014-11-10 10:00:00,36.696,14.905,2014-11-07 21:00:00,CL7,662,228,1461
7001461,2014-11-05 23:00:00,2014-11-10 10:00:00,36.773,15.038,2014-11-07 22:00:00,CL7,666,226,1461
7001461,2014-11-05 23:00:00,2014-11-10 10:00:00,36.854,15.165,2014-11-07 23:00:00,CL7,669,223,1461
7001461,2014-11-05 23:00:00,2014-11-10 10:00:00,36.935,15.28,2014-11-08 00:00:00,CL7,673,221,1461
7001461,2014-11-05 23:00:00,2014-11-10 10:00:00,37.011,15.379,2014-11-08 01:00:00,CL7,675,219,1461
7001461,2014-11-05 23:00:00,2014-11-10 10:00:00,37.069,15.457,2014-11-08 02:00:00,CL7,677,218,1461
7001461,2014-11-05 23:00:00,2014-11-10 10:00:00,37.099,15.512,2014-11-08 03:00:00,CL7,679,217,1461
7001461,2014-11-05 23:00:00,2014-11-10 10:00:00,37.103,15.542,2014-11-08 04:00:00,CL7,680,217,1461
7001461,2014-11-05 23:00:00,2014-11-10 10:00:00,37.079,15.551,2014-11-08 05:00:00,CL7,680,218,1461
7001461,2014-11-05 23:00:00,2014-11-10 10:00:00,37.019,15.561,2014-11-08 06:00:00,CL7,680,219,1461
7001461,2014-11-05 23:00:00,2014-11-10 10:00:00,36.92,15.584,2014-11-08 07:00:00,CL7,681,222,1461
7001461,2014-11-05 23:00:00,2014-11-10 10:00:00,36.789,15.619,2014-11-08 08:00:00,CL7,683,225,1461
7001461,2014-11-05 23:00:00,2014-11-10 10:00:00,36.63,15.681,2014-11-08 09:00:00,CL7,685,230,1461
7001461,2014-11-05 23:00:00,2014-11-10 10:00:00,36.463,15.798,2014-11-08 10:00:00,CL7,689,234,1461
7001461,2014-11-05 23:00:00,2014-11-10 10:00:00,36.311,15.98,2014-11-08 11:00:00,CL7,694,238,1461
7001461,2014-11-05 23:00:00,2014-11-10 10:00:00,36.166,16.207,2014-11-08 12:00:00,CL7,701,242,1461
7001461,2014-11-05 23:00:00,2014-11-10 10:00:00,36.022,16.454,2014-11-08 13:00:00,CL7,709,246,1461
7001461,2014-11-05 23:00:00,2014-11-10 10:00:00,35.889,16.716,2014-11-08 14:00:00,CL7,716,249,1461
7001461,2014-11-05 23:00:00,2014-11-10 10:00:00,35.772,17.011,2014-11-08 15:00:00,CL7,725,253,1461
7001461,2014-11-05 23:00:00,2014-11-10 10:00:00,35.664,17.346,2014-11-08 16:00:00,CL7,735,256,1461
7001461,2014-11-05 23:00:00,2014-11-10 10:00:00,35.568,17.693,2014-11-08 17:00:00,CL7,746,258,1461
7001461,2014-11-05 23:00:00,2014-11-10 10:00:00,35.491,18.021,2014-11-08 18:00:00,CL7,755,261,1461
7001461,2014-11-05 23:00:00,2014-11-10 10:00:00,35.441,18.331,2014-11-08 19:00:00,CL7,764,262,1461
7001461,2014-11-05 23:00:00,2014-11-10 10:00:00,35.404,18.644,2014-11-08 20:00:00,CL7,774,263,1461
7001461,2014-11-05 23:00:00,2014-11-10 10:00:00,35.361,18.973,2014-11-08 21:00:00,CL7,783,265,1461
7001461,2014-11-05 23:00:00,2014-11-10 10:00:00,35.31,19.311,2014-11-08 22:00:00,CL7,793,266,1461
7001461,2014-11-05 23:00:00,2014-11-10 10:00:00,35.269,19.65,2014-11-08 23:00:00,CL7,803,267,1461
7001461,2014-11-05 23:00:00,2014-11-10 10:00:00,35.248,19.977,2014-11-09 00:00:00,CL7,812,268,1461
7001461,2014-11-05 23:00:00,2014-11-10 10:00:00,35.244,20.268,2014-11-09 01:00:00,CL7,821,268,1461
7001461,2014-11-05 23:00:00,2014-11-10 10:00:00,35.261,20.519,2014-11-09 02:00:00,CL7,828,268,1461
7001461,2014-11-05 23:00:00,2014-11-10 10:00:00,35.303,20.747,2014-11-09 03:00:00,CL7,834,267,1461
7001461,2014-11-05 23:00:00,2014-11-10 10:00:00,35.36,20.96,2014-11-09 04:00:00,CL7,840,266,1461
7001461,2014-11-05 23:00:00,2014-11-10 10:00:00,35.411,21.168,2014-11-09 05:00:00,CL7,846,265,1461
7001461,2014-11-05 23:00:00,2014-11-10 10:00:00,35.451,21.38,2014-11-09 06:00:00,CL7,852,264,1461
7001461,2014-11-05 23:00:00,2014-11-10 10:00:00,35.487,21.594,2014-11-09 07:00:00,CL7,857,263,1461
7001461,2014-11-05 23:00:00,2014-11-10 10:00:00,35.527,21.797,2014-11-09 08:00:00,CL7,863,262,1461
7001461,2014-11-05 23:00:00,2014-11-10 10:00:00,35.582,21.975,2014-11-09 09:00:00,CL7,868,261,1461
7001461,2014-11-05 23:00:00,2014-11-10 10:00:00,35.644,22.126,2014-11-09 10:00:00,CL7,872,259,1461
7001461,2014-11-05 23:00:00,2014-11-10 10:00:00,35.689,22.259,2014-11-09 11:00:00,CL7,875,258,1461
7001461,2014-11-05 23:00:00,2014-11-10 10:00:00,35.709,22.378,2014-11-09 12:00:00,CL7,878,257,1461
7001461,2014-11-05 23:00:00,2014-11-10 10:00:00,35.711,22.494,2014-11-09 13:00:00,CL7,882,258,1461
7001461,2014-11-05 23:00:00,2014-11-10 10:00:00,35.709,22.625,2014-11-09 14:00:00,CL7,885,258,1461
7001461,2014-11-05 23:00:00,2014-11-10 10:00:00,35.71,22.78,2014-11-09 15:00:00,CL7,890,258,1461
7001461,2014-11-05 23:00:00,2014-11-10 10:00:00,35.715,22.941,2014-11-09 16:00:00,CL7,894,258,1461
7001461,2014-11-05 23:00:00,2014-11-10 10:00:00,35.725,23.09,2014-11-09 17:00:00,CL7,898,257,1461
7001461,2014-11-05 23:00:00,2014-11-10 10:00:00,35.752,23.24,2014-11-09 18:00:00,CL7,902,257,1461
7001461,2014-11-05 23:00:00,2014-11-10 10:00:00,35.802,23.453,2014-11-09 19:00:00,CL7,908,256,1461
7001461,2014-11-05 23:00:00,2014-11-10 10:00:00,35.87,23.796,2014-11-09 20:00:00,CL7,917,254,1461
7001461,2014-11-05 23:00:00,2014-11-10 10:00:00,35.929,24.239,2014-11-09 21:00:00,CL7,929,253,1461
7001461,2014-11-05 23:00:00,2014-11-10 10:00:00,35.971,24.665,2014-11-09 22:00:00,CL7,941,252,1461
7001461,2014-11-05 23:00:00,2014-11-10 10:00:00,36.018,24.991,2014-11-09 23:00:00,CL7,949,251,1461
7001461,2014-11-05 23:00:00,2014-11-10 10:00:00,36.082,25.209,2014-11-10 00:00:00,CL7,955,250,1461
7001461,2014-11-05 23:00:00,2014-11-10 10:00:00,36.151,25.346,2014-11-10 01:00:00,CL7,958,248,1461
7001461,2014-11-05 23:00:00,2014-11-10 10:00:00,36.211,25.439,2014-11-10 02:00:00,CL7,960,247,1461
7001461,2014-11-05 23:00:00,2014-11-10 10:00:00,36.253,25.518,2014-11-10 03:00:00,CL7,962,246,1461
7001461,2014-11-05 23:00:00,2014-11-10 10:00:00,36.274,25.587,2014-11-10 04:00:00,CL7,964,245,1461
7001461,2014-11-05 23:00:00,2014-11-10 10:00:00,36.286,25.643,2014-11-10 05:00:00,CL7,965,245,1461
7001461,2014-11-05 23:00:00,2014-11-10 10:00:00,36.301,25.675,2014-11-10 06:00:00,CL7,966,244,1461
7001461,2014-11-05 23:00:00,2014-11-10 10:00:00,36.328,25.705,2014-11-10 07:00:00,CL7,967,244,1461
7001461,2014-11-05 23:00:00,2014-11-10 10:00:00,36.374,25.8,2014-11-10 08:00:00,CL7,969,243,1461
7001461,2014-11-05 23:00:00,2014-11-10 10:00:00,36.434,26.0,2014-11-10 09:00:00,CL7,974,241,1461
7001461,2014-11-05 23:00:00,2014-11-10 10:00:00,36.5,26.25,2014-11-10 10:00:00,CL7,981,240,1461
7001542,2016-10-27 13:00:00,2016-11-02 01:00:00,37.07,15.78,2016-10-27 13:00:00,CL7,686,218,1542
7001542,2016-10-27 13:00:00,2016-11-02 01:00:00,37.015,16.283,2016-10-27 14:00:00,CL7,701,220,1542
7001542,2016-10-27 13:00:00,2016-11-02 01:00:00,37.014,16.644,2016-10-27 15:00:00,CL7,711,220,1542
7001542,2016-10-27 13:00:00,2016-11-02 01:00:00,37.07,16.821,2016-10-27 16:00:00,CL7,716,219,1542
7001542,2016-10-27 13:00:00,2016-11-02 01:00:00,37.172,16.883,2016-10-27 17:00:00,CL7,717,216,1542
7001542,2016-10-27 13:00:00,2016-11-02 01:00:00,37.248,16.978,2016-10-27 18:00:00,CL7,720,214,1542
7001542,2016-10-27 13:00:00,2016-11-02 01:00:00,37.246,17.163,2016-10-27 19:00:00,CL7,725,214,1542
7001542,2016-10-27 13:00:00,2016-11-02 01:00:00,37.206,17.349,2016-10-27 20:00:00,CL7,730,215,1542
7001542,2016-10-27 13:00:00,2016-11-02 01:00:00,37.171,17.472,2016-10-27 21:00:00,CL7,734,216,1542
7001542,2016-10-27 13:00:00,2016-11-02 01:00:00,37.144,17.542,2016-10-27 22:00:00,CL7,736,217,1542
7001542,2016-10-27 13:00:00,2016-11-02 01:00:00,37.139,17.58,2016-10-27 23:00:00,CL7,737,217,1542
7001542,2016-10-27 13:00:00,2016-11-02 01:00:00,37.173,17.587,2016-10-28 00:00:00,CL7,737,216,1542
7001542,2016-10-27 13:00:00,2016-11-02 01:00:00,37.237,17.554,2016-10-28 01:00:00,CL7,736,215,1542
7001542,2016-10-27 13:00:00,2016-11-02 01:00:00,37.293,17.5,2016-10-28 02:00:00,CL7,734,213,1542
7001542,2016-10-27 13:00:00,2016-11-02 01:00:00,37.313,17.46,2016-10-28 03:00:00,CL7,733,212,1542
7001542,2016-10-27 13:00:00,2016-11-02 01:00:00,37.291,17.445,2016-10-28 04:00:00,CL7,733,213,1542
7001542,2016-10-27 13:00:00,2016-11-02 01:00:00,37.231,17.445,2016-10-28 05:00:00,CL7,733,215,1542
7001542,2016-10-27 13:00:00,2016-11-02 01:00:00,37.148,17.435,2016-10-28 06:00:00,CL7,733,217,1542
7001542,2016-10-27 13:00:00,2016-11-02 01:00:00,37.055,17.401,2016-10-28 07:00:00,CL7,732,219,1542
7001542,2016-10-27 13:00:00,2016-11-02 01:00:00,36.969,17.346,2016-10-28 08:00:00,CL7,731,221,1542
7001542,2016-10-27 13:00:00,2016-11-02 01:00:00,36.891,17.278,2016-10-28 09:00:00,CL7,729,223,1542
7001542,2016-10-27 13:00:00,2016-11-02 01:00:00,36.803,17.21,2016-10-28 10:00:00,CL7,728,226,1542
7001542,2016-10-27 13:00:00,2016-11-02 01:00:00,36.701,17.152,2016-10-28 11:00:00,CL7,726,228,1542
7001542,2016-10-27 13:00:00,2016-11-02 01:00:00,36.592,17.109,2016-10-28 12:00:00,CL7,726,231,1542
7001542,2016-10-27 13:00:00,2016-11-02 01:00:00,36.474,17.069,2016-10-28 13:00:00,CL7,725,234,1542
7001542,2016-10-27 13:00:00,2016-11-02 01:00:00,36.346,17.014,2016-10-28 14:00:00,CL7,724,238,1542
7001542,2016-10-27 13:00:00,2016-11-02 01:00:00,36.215,16.942,2016-10-28 15:00:00,CL7,722,241,1542
7001542,2016-10-27 13:00:00,2016-11-02 01:00:00,36.086,16.863,2016-10-28 16:00:00,CL7,720,244,1542
7001542,2016-10-27 13:00:00,2016-11-02 01:00:00,35.964,16.779,2016-10-28 17:00:00,CL7,718,247,1542
7001542,2016-10-27 13:00:00,2016-11-02 01:00:00,35.852,16.685,2016-10-28 18:00:00,CL7,716,250,1542
7001542,2016-10-27 13:00:00,2016-11-02 01:00:00,35.75,16.59,2016-10-28 19:00:00,CL7,713,253,1542
7001542,2016-10-27 13:00:00,2016-11-02 01:00:00,35.664,16.512,2016-10-28 20:00:00,CL7,711,255,1542
7001542,2016-10-27 13:00:00,2016-11-02 01:00:00,35.606,16.457,2016-10-28 21:00:00,CL7,710,257,1542
7001542,2016-10-27 13:00:00,2016-11-02 01:00:00,35.573,16.421,2016-10-28 22:00:00,CL7,709,258,1542
7001542,2016-10-27 13:00:00,2016-11-02 01:00:00,35.556,16.404,2016-10-28 23:00:00,CL7,708,258,1542
7001542,2016-10-27 13:00:00,2016-11-02 01:00:00,35.544,16.394,2016-10-29 00:00:00,CL7,708,258,1542
7001542,2016-10-27 13:00:00,2016-11-02 01:00:00,35.525,16.374,2016-10-29 01:00:00,CL7,708,259,1542
7001542,2016-10-27 13:00:00,2016-11-02 01:00:00,35.498,16.337,2016-10-29 02:00:00,CL7,707,260,1542
7001542,2016-10-27 13:00:00,2016-11-02 01:00:00,35.476,16.291,2016-10-29 03:00:00,CL7,705,260,1542
7001542,2016-10-27 13:00:00,2016-11-02 01:00:00,35.459,16.241,2016-10-29 04:00:00,CL7,704,261,1542
7001542,2016-10-27 13:00:00,2016-11-02 01:00:00,35.429,16.188,2016-10-29 05:00:00,CL7,703,262,1542
7001542,2016-10-27 13:00:00,2016-11-02 01:00:00,35.385,16.122,2016-10-29 06:00:00,CL7,701,263,1542
7001542,2016-10-27 13:00:00,2016-11-02 01:00:00,35.351,16.053,2016-10-29 07:00:00,CL7,699,264,1542
7001542,2016-10-27 13:00:00,2016-11-02 01:00:00,35.362,16.017,2016-10-29 08:00:00,CL7,698,263,1542
7001542,2016-10-27 13:00:00,2016-11-02 01:00:00,35.421,16.026,2016-10-29 09:00:00,CL7,698,262,1542
7001542,2016-10-27 13:00:00,2016-11-02 01:00:00,35.486,16.052,2016-10-29 10:00:00,CL7,698,260,1542
7001542,2016-10-27 13:00:00,2016-11-02 01:00:00,35.518,16.074,2016-10-29 11:00:00,CL7,699,259,1542
7001542,2016-10-27 13:00:00,2016-11-02 01:00:00,35.509,16.094,2016-10-29 12:00:00,CL7,700,259,1542
7001542,2016-10-27 13:00:00,2016-11-02 01:00:00,35.478,16.12,2016-10-29 13:00:00,CL7,700,260,1542
7001542,2016-10-27 13:00:00,2016-11-02 01:00:00,35.453,16.137,2016-10-29 14:00:00,CL7,701,261,1542
7001542,2016-10-27 13:00:00,2016-11-02 01:00:00,35.443,16.137,2016-10-29 15:00:00,CL7,701,261,1542
7001542,2016-10-27 13:00:00,2016-11-02 01:00:00,35.442,16.142,2016-10-29 16:00:00,CL7,701,261,1542
7001542,2016-10-27 13:00:00,2016-11-02 01:00:00,35.442,16.175,2016-10-29 17:00:00,CL7,702,261,1542
7001542,2016-10-27 13:00:00,2016-11-02 01:00:00,35.436,16.222,2016-10-29 18:00:00,CL7,703,261,1542
7001542,2016-10-27 13:00:00,2016-11-02 01:00:00,35.435,16.262,2016-10-29 19:00:00,CL7,705,261,1542
7001542,2016-10-27 13:00:00,2016-11-02 01:00:00,35.461,16.298,2016-10-29 20:00:00,CL7,706,261,1542
7001542,2016-10-27 13:00:00,2016-11-02 01:00:00,35.516,16.344,2016-10-29 21:00:00,CL7,707,259,1542
7001542,2016-10-27 13:00:00,2016-11-02 01:00:00,35.576,16.405,2016-10-29 22:00:00,CL7,708,258,1542
7001542,2016-10-27 13:00:00,2016-11-02 01:00:00,35.623,16.485,2016-10-29 23:00:00,CL7,711,256,1542
7001542,2016-10-27 13:00:00,2016-11-02 01:00:00,35.653,16.581,2016-10-30 00:00:00,CL7,713,256,1542
7001542,2016-10-27 13:00:00,2016-11-02 01:00:00,35.672,16.685,2016-10-30 01:00:00,CL7,716,255,1542
7001542,2016-10-27 13:00:00,2016-11-02 01:00:00,35.689,16.788,2016-10-30 02:00:00,CL7,719,255,1542
7001542,2016-10-27 13:00:00,2016-11-02 01:00:00,35.709,16.89,2016-10-30 03:00:00,CL7,722,254,1542
7001542,2016-10-27 13:00:00,2016-11-02 01:00:00,35.721,16.989,2016-10-30 04:00:00,CL7,725,254,1542
7001542,2016-10-27 13:00:00,2016-11-02 01:00:00,35.716,17.086,2016-10-30 05:00:00,CL7,728,254,1542
7001542,2016-10-27 13:00:00,2016-11-02 01:00:00,35.705,17.187,2016-10-30 06:00:00,CL7,731,255,1542
7001542,2016-10-27 13:00:00,2016-11-02 01:00:00,35.704,17.302,2016-10-30 07:00:00,CL7,734,255,1542
7001542,2016-10-27 13:00:00,2016-11-02 01:00:00,35.73,17.445,2016-10-30 08:00:00,CL7,738,254,1542
7001542,2016-10-27 13:00:00,2016-11-02 01:00:00,35.78,17.611,2016-10-30 09:00:00,CL7,743,253,1542
7001542,2016-10-27 13:00:00,2016-11-02 01:00:00,35.833,17.782,2016-10-30 10:00:00,CL7,747,251,1542
7001542,2016-10-27 13:00:00,2016-11-02 01:00:00,35.879,17.955,2016-10-30 11:00:00,CL7,752,250,1542
7001542,2016-10-27 13:00:00,2016-11-02 01:00:00,35.923,18.133,2016-10-30 12:00:00,CL7,757,249,1542
7001542,2016-10-27 13:00:00,2016-11-02 01:00:00,35.96,18.303,2016-10-30 13:00:00,CL7,762,248,1542
7001542,2016-10-27 13:00:00,2016-11-02 01:00:00,35.976,18.46,2016-10-30 14:00:00,CL7,766,248,1542
7001542,2016-10-27 13:00:00,2016-11-02 01:00:00,35.971,18.608,2016-10-30 15:00:00,CL7,770,248,1542
7001542,2016-10-27 13:00:00,2016-11-02 01:00:00,35.961,18.759,2016-10-30 16:00:00,CL7,775,249,1542
7001542,2016-10-27 13:00:00,2016-11-02 01:00:00,35.957,18.923,2016-10-30 17:00:00,CL7,780,249,1542
7001542,2016-10-27 13:00:00,2016-11-02 01:00:00,35.958,19.094,2016-10-30 18:00:00,CL7,784,249,1542
7001542,2016-10-27 13:00:00,2016-11-02 01:00:00,35.968,19.266,2016-10-30 19:00:00,CL7,789,249,1542
7001542,2016-10-27 13:00:00,2016-11-02 01:00:00,35.996,19.446,2016-10-30 20:00:00,CL7,794,248,1542
7001542,2016-10-27 13:00:00,2016-11-02 01:00:00,36.045,19.649,2016-10-30 21:00:00,CL7,800,247,1542
7001542,2016-10-27 13:00:00,2016-11-02 01:00:00,36.094,19.885,2016-10-30 22:00:00,CL7,806,246,1542
7001542,2016-10-27 13:00:00,2016-11-02 01:00:00,36.132,20.143,2016-10-30 23:00:00,CL7,813,245,1542
7001542,2016-10-27 13:00:00,2016-11-02 01:00:00,36.153,20.398,2016-10-31 00:00:00,CL7,820,244,1542
7001542,2016-10-27 13:00:00,2016-11-02 01:00:00,36.151,20.637,2016-10-31 01:00:00,CL7,827,245,1542
7001542,2016-10-27 13:00:00,2016-11-02 01:00:00,36.118,20.87,2016-10-31 02:00:00,CL7,834,246,1542
7001542,2016-10-27 13:00:00,2016-11-02 01:00:00,36.051,21.108,2016-10-31 03:00:00,CL7,841,248,1542
7001542,2016-10-27 13:00:00,2016-11-02 01:00:00,35.947,21.357,2016-10-31 04:00:00,CL7,848,250,1542
7001542,2016-10-27 13:00:00,2016-11-02 01:00:00,35.814,21.637,2016-10-31 05:00:00,CL7,857,254,1542
7001542,2016-10-27 13:00:00,2016-11-02 01:00:00,35.68,21.984,2016-10-31 06:00:00,CL7,867,258,1542
7001542,2016-10-27 13:00:00,2016-11-02 01:00:00,35.56,22.393,2016-10-31 07:00:00,CL7,880,261,1542
7001542,2016-10-27 13:00:00,2016-11-02 01:00:00,35.443,22.829,2016-10-31 08:00:00,CL7,893,265,1542
7001542,2016-10-27 13:00:00,2016-11-02 01:00:00,35.321,23.267,2016-10-31 09:00:00,CL7,905,268,1542
7001542,2016-10-27 13:00:00,2016-11-02 01:00:00,35.199,23.724,2016-10-31 10:00:00,CL7,919,272,1542
7001542,2016-10-27 13:00:00,2016-11-02 01:00:00,35.089,24.249,2016-10-31 11:00:00,CL7,934,275,1542
7001542,2016-10-27 13:00:00,2016-11-02 01:00:00,35.02,24.879,2016-10-31 12:00:00,CL7,952,278,1542
7001542,2016-10-27 13:00:00,2016-11-02 01:00:00,35.009,25.584,2016-10-31 13:00:00,CL7,972,279,1542
7001542,2016-10-27 13:00:00,2016-11-02 01:00:00,35.05,26.3,2016-10-31 14:00:00,CL7,992,278,1542
7001542,2016-10-27 13:00:00,2016-11-02 01:00:00,35.123,26.978,2016-10-31 15:00:00,CL7,1010,277,1542
7001542,2016-10-27 13:00:00,2016-11-02 01:00:00,35.208,27.594,2016-10-31 16:00:00,CL7,1026,275,1542
7001542,2016-10-27 13:00:00,2016-11-02 01:00:00,35.297,28.15,2016-10-31 17:00:00,CL7,1041,274,1542
7001542,2016-10-27 13:00:00,2016-11-02 01:00:00,35.383,28.665,2016-10-31 18:00:00,CL7,1054,272,1542
7001542,2016-10-27 13:00:00,2016-11-02 01:00:00,35.449,29.154,2016-10-31 19:00:00,CL7,1067,271,1542
7001542,2016-10-27 13:00:00,2016-11-02 01:00:00,35.489,29.646,2016-10-31 20:00:00,CL7,1079,270,1542
7001542,2016-10-27 13:00:00,2016-11-02 01:00:00,35.512,30.167,2016-10-31 21:00:00,CL7,1093,270,1542
7001542,2016-10-27 13:00:00,2016-11-02 01:00:00,35.54,30.709,2016-10-31 22:00:00,CL7,1107,270,1542
7001542,2016-10-27 13:00:00,2016-11-02 01:00:00,35.575,31.232,2016-10-31 23:00:00,CL7,1121,270,1542
7001542,2016-10-27 13:00:00,2016-11-02 01:00:00,35.594,31.748,2016-11-01 00:00:00,CL7,1134,270,1542
7001542,2016-10-27 13:00:00,2016-11-02 01:00:00,35.59,32.327,2016-11-01 01:00:00,CL7,1149,270,1542
7001542,2016-10-27 13:00:00,2016-11-02 01:00:00,35.595,32.985,2016-11-01 02:00:00,CL7,1166,271,1542
7001542,2016-10-27 13:00:00,2016-11-02 01:00:00,35.634,33.647,2016-11-01 03:00:00,CL7,1183,271,1542
7001542,2016-10-27 13:00:00,2016-11-02 01:00:00,35.711,34.267,2016-11-01 04:00:00,CL7,1198,270,1542
7001542,2016-10-27 13:00:00,2016-11-02 01:00:00,35.801,34.908,2016-11-01 05:00:00,CL7,1213,268,1542
7001542,2016-10-27 13:00:00,2016-11-02 01:00:00,35.868,35.617,2016-11-01 06:00:00,CL7,1230,267,1542
7001542,2016-10-27 13:00:00,2016-11-02 01:00:00,35.884,36.356,2016-11-01 07:00:00,CL7,1248,268,1542
7001542,2016-10-27 13:00:00,2016-11-02 01:00:00,35.862,37.077,2016-11-01 08:00:00,CL7,1266,269,1542
7001542,2016-10-27 13:00:00,2016-11-02 01:00:00,35.841,37.764,2016-11-01 09:00:00,CL7,1283,271,1542
7001542,2016-10-27 13:00:00,2016-11-02 01:00:00,35.846,38.416,2016-11-01 10:00:00,CL7,1289,267,1542
7001542,2016-10-27 13:00:00,2016-11-02 01:00:00,35.876,39.038,2016-11-01 11:00:00,CL7,1289,261,1542
7001542,2016-10-27 13:00:00,2016-11-02 01:00:00,35.94,39.622,2016-11-01 12:00:00,CL7,1289,253,1542
7001542,2016-10-27 13:00:00,2016-11-02 01:00:00,36.048,40.156,2016-11-01 13:00:00,CL7,1289,246,1542
7001542,2016-10-27 13:00:00,2016-11-02 01:00:00,36.182,40.646,2016-11-01 14:00:00,CL7,1289,238,1542
7001542,2016-10-27 13:00:00,2016-11-02 01:00:00,36.322,41.092,2016-11-01 15:00:00,CL7,1289,230,1542
7001542,2016-10-27 13:00:00,2016-11-02 01:00:00,36.458,41.459,2016-11-01 16:00:00,CL7,1289,224,1542
7001542,2016-10-27 13:00:00,2016-11-02 01:00:00,36.592,41.725,2016-11-01 17:00:00,CL7,1289,218,1542
7001542,2016-10-27 13:00:00,2016-11-02 01:00:00,36.742,41.928,2016-11-01 18:00:00,CL7,1289,213,1542
7001542,2016-10-27 13:00:00,2016-11-02 01:00:00,36.931,42.129,2016-11-01 19:00:00,CL7,1289,207,1542
7001542,2016-10-27 13:00:00,2016-11-02 01:00:00,37.161,42.353,2016-11-01 20:00:00,CL7,1289,200,1542
7001542,2016-10-27 13:00:00,2016-11-02 01:00:00,37.384,42.589,2016-11-01 21:00:00,CL7,1289,193,1542
7001542,2016-10-27 13:00:00,2016-11-02 01:00:00,37.534,42.833,2016-11-01 22:00:00,CL7,1289,187,1542
7001542,2016-10-27 13:00:00,2016-11-02 01:00:00,37.595,43.07,2016-11-01 23:00:00,CL7,1289,183,1542
7001542,2016-10-27 13:00:00,2016-11-02 01:00:00,37.597,43.275,2016-11-02 00:00:00,CL7,1289,181,1542
7001542,2016-10-27 13:00:00,2016-11-02 01:00:00,37.58,43.46,2016-11-02 01:00:00,CL7,1289,179,1542
7001575,2017-11-14 23:00:00,2017-11-19 19:00:00,40.42,13.83,2017-11-14 23:00:00,CL7,625,134,1575
7001575,2017-11-14 23:00:00,2017-11-19 19:00:00,40.368,13.462,2017-11-15 00:00:00,CL7,615,135,1575
7001575,2017-11-14 23:00:00,2017-11-19 19:00:00,40.266,12.944,2017-11-15 01:00:00,CL7,601,137,1575
7001575,2017-11-14 23:00:00,2017-11-19 19:00:00,40.037,12.373,2017-11-15 02:00:00,CL7,586,143,1575
7001575,2017-11-14 23:00:00,2017-11-19 19:00:00,39.712,11.898,2017-11-15 03:00:00,CL7,573,150,1575
7001575,2017-11-14 23:00:00,2017-11-19 19:00:00,39.38,11.567,2017-11-15 04:00:00,CL7,564,159,1575
7001575,2017-11-14 23:00:00,2017-11-19 19:00:00,39.083,11.334,2017-11-15 05:00:00,CL7,558,166,1575
7001575,2017-11-14 23:00:00,2017-11-19 19:00:00,38.816,11.151,2017-11-15 06:00:00,CL7,553,173,1575
7001575,2017-11-14 23:00:00,2017-11-19 19:00:00,38.566,11.014,2017-11-15 07:00:00,CL7,550,179,1575
7001575,2017-11-14 23:00:00,2017-11-19 19:00:00,38.33,10.944,2017-11-15 08:00:00,CL7,548,185,1575
7001575,2017-11-14 23:00:00,2017-11-19 19:00:00,38.109,10.938,2017-11-15 09:00:00,CL7,548,190,1575
7001575,2017-11-14 23:00:00,2017-11-19 19:00:00,37.905,10.976,2017-11-15 10:00:00,CL7,549,196,1575
7001575,2017-11-14 23:00:00,2017-11-19 19:00:00,37.716,11.041,2017-11-15 11:00:00,CL7,551,200,1575
7001575,2017-11-14 23:00:00,2017-11-19 19:00:00,37.539,11.128,2017-11-15 12:00:00,CL7,554,205,1575
7001575,2017-11-14 23:00:00,2017-11-19 19:00:00,37.37,11.239,2017-11-15 13:00:00,CL7,557,209,1575
7001575,2017-11-14 23:00:00,2017-11-19 19:00:00,37.199,11.378,2017-11-15 14:00:00,CL7,561,214,1575
7001575,2017-11-14 23:00:00,2017-11-19 19:00:00,37.03,11.532,2017-11-15 15:00:00,CL7,565,218,1575
7001575,2017-11-14 23:00:00,2017-11-19 19:00:00,36.867,11.686,2017-11-15 16:00:00,CL7,570,222,1575
7001575,2017-11-14 23:00:00,2017-11-19 19:00:00,36.715,11.848,2017-11-15 17:00:00,CL7,575,226,1575
7001575,2017-11-14 23:00:00,2017-11-19 19:00:00,36.569,12.026,2017-11-15 18:00:00,CL7,580,230,1575
7001575,2017-11-14 23:00:00,2017-11-19 19:00:00,36.42,12.216,2017-11-15 19:00:00,CL7,586,234,1575
7001575,2017-11-14 23:00:00,2017-11-19 19:00:00,36.275,12.413,2017-11-15 20:00:00,CL7,592,238,1575
7001575,2017-11-14 23:00:00,2017-11-19 19:00:00,36.143,12.616,2017-11-15 21:00:00,CL7,598,242,1575
7001575,2017-11-14 23:00:00,2017-11-19 19:00:00,36.023,12.824,2017-11-15 22:00:00,CL7,604,245,1575
7001575,2017-11-14 23:00:00,2017-11-19 19:00:00,35.911,13.03,2017-11-15 23:00:00,CL7,610,248,1575
7001575,2017-11-14 23:00:00,2017-11-19 19:00:00,35.801,13.242,2017-11-16 00:00:00,CL7,616,251,1575
7001575,2017-11-14 23:00:00,2017-11-19 19:00:00,35.689,13.481,2017-11-16 01:00:00,CL7,623,254,1575
7001575,2017-11-14 23:00:00,2017-11-19 19:00:00,35.577,13.753,2017-11-16 02:00:00,CL7,631,257,1575
7001575,2017-11-14 23:00:00,2017-11-19 19:00:00,35.472,14.046,2017-11-16 03:00:00,CL7,640,260,1575
7001575,2017-11-14 23:00:00,2017-11-19 19:00:00,35.39,14.354,2017-11-16 04:00:00,CL7,649,262,1575
7001575,2017-11-14 23:00:00,2017-11-19 19:00:00,35.337,14.673,2017-11-16 05:00:00,CL7,659,263,1575
7001575,2017-11-14 23:00:00,2017-11-19 19:00:00,35.311,15.007,2017-11-16 06:00:00,CL7,669,264,1575
7001575,2017-11-14 23:00:00,2017-11-19 19:00:00,35.326,15.358,2017-11-16 07:00:00,CL7,679,264,1575
7001575,2017-11-14 23:00:00,2017-11-19 19:00:00,35.409,15.726,2017-11-16 08:00:00,CL7,689,262,1575
7001575,2017-11-14 23:00:00,2017-11-19 19:00:00,35.554,16.105,2017-11-16 09:00:00,CL7,700,258,1575
7001575,2017-11-14 23:00:00,2017-11-19 19:00:00,35.721,16.479,2017-11-16 10:00:00,CL7,710,254,1575
7001575,2017-11-14 23:00:00,2017-11-19 19:00:00,35.885,16.834,2017-11-16 11:00:00,CL7,720,250,1575
7001575,2017-11-14 23:00:00,2017-11-19 19:00:00,36.045,17.164,2017-11-16 12:00:00,CL7,729,246,1575
7001575,2017-11-14 23:00:00,2017-11-19 19:00:00,36.213,17.46,2017-11-16 13:00:00,CL7,737,241,1575
7001575,2017-11-14 23:00:00,2017-11-19 19:00:00,36.406,17.707,2017-11-16 14:00:00,CL7,743,236,1575
7001575,2017-11-14 23:00:00,2017-11-19 19:00:00,36.625,17.909,2017-11-16 15:00:00,CL7,748,231,1575
7001575,2017-11-14 23:00:00,2017-11-19 19:00:00,36.853,18.082,2017-11-16 16:00:00,CL7,752,225,1575
7001575,2017-11-14 23:00:00,2017-11-19 19:00:00,37.079,18.235,2017-11-16 17:00:00,CL7,756,219,1575
7001575,2017-11-14 23:00:00,2017-11-19 19:00:00,37.305,18.359,2017-11-16 18:00:00,CL7,758,213,1575
7001575,2017-11-14 23:00:00,2017-11-19 19:00:00,37.535,18.441,2017-11-16 19:00:00,CL7,760,207,1575
7001575,2017-11-14 23:00:00,2017-11-19 19:00:00,37.768,18.48,2017-11-16 20:00:00,CL7,760,201,1575
7001575,2017-11-14 23:00:00,2017-11-19 19:00:00,37.992,18.486,2017-11-16 21:00:00,CL7,759,196,1575
7001575,2017-11-14 23:00:00,2017-11-19 19:00:00,38.192,18.462,2017-11-16 22:00:00,CL7,758,191,1575
7001575,2017-11-14 23:00:00,2017-11-19 19:00:00,38.365,18.409,2017-11-16 23:00:00,CL7,756,186,1575
7001575,2017-11-14 23:00:00,2017-11-19 19:00:00,38.506,18.344,2017-11-17 00:00:00,CL7,753,182,1575
7001575,2017-11-14 23:00:00,2017-11-19 19:00:00,38.611,18.275,2017-11-17 01:00:00,CL7,751,180,1575
7001575,2017-11-14 23:00:00,2017-11-19 19:00:00,38.679,18.211,2017-11-17 02:00:00,CL7,749,178,1575
7001575,2017-11-14 23:00:00,2017-11-19 19:00:00,38.72,18.156,2017-11-17 03:00:00,CL7,747,177,1575
7001575,2017-11-14 23:00:00,2017-11-19 19:00:00,38.747,18.115,2017-11-17 04:00:00,CL7,746,176,1575
7001575,2017-11-14 23:00:00,2017-11-19 19:00:00,38.784,18.099,2017-11-17 05:00:00,CL7,745,175,1575
7001575,2017-11-14 23:00:00,2017-11-19 19:00:00,38.838,18.102,2017-11-17 06:00:00,CL7,745,174,1575
7001575,2017-11-14 23:00:00,2017-11-19 19:00:00,38.891,18.105,2017-11-17 07:00:00,CL7,745,173,1575
7001575,2017-11-14 23:00:00,2017-11-19 19:00:00,38.931,18.109,2017-11-17 08:00:00,CL7,745,172,1575
7001575,2017-11-14 23:00:00,2017-11-19 19:00:00,38.962,18.129,2017-11-17 09:00:00,CL7,746,171,1575
7001575,2017-11-14 23:00:00,2017-11-19 19:00:00,39.0,18.164,2017-11-17 10:00:00,CL7,747,170,1575
7001575,2017-11-14 23:00:00,2017-11-19 19:00:00,39.053,18.199,2017-11-17 11:00:00,CL7,747,169,1575
7001575,2017-11-14 23:00:00,2017-11-19 19:00:00,39.109,18.224,2017-11-17 12:00:00,CL7,748,167,1575
7001575,2017-11-14 23:00:00,2017-11-19 19:00:00,39.156,18.241,2017-11-17 13:00:00,CL7,748,166,1575
7001575,2017-11-14 23:00:00,2017-11-19 19:00:00,39.189,18.247,2017-11-17 14:00:00,CL7,748,165,1575
7001575,2017-11-14 23:00:00,2017-11-19 19:00:00,39.205,18.24,2017-11-17 15:00:00,CL7,748,165,1575
7001575,2017-11-14 23:00:00,2017-11-19 19:00:00,39.205,18.23,2017-11-17 16:00:00,CL7,748,165,1575
7001575,2017-11-14 23:00:00,2017-11-19 19:00:00,39.188,18.229,2017-11-17 17:00:00,CL7,748,166,1575
7001575,2017-11-14 23:00:00,2017-11-19 19:00:00,39.151,18.24,2017-11-17 18:00:00,CL7,748,166,1575
7001575,2017-11-14 23:00:00,2017-11-19 19:00:00,39.112,18.266,2017-11-17 19:00:00,CL7,749,167,1575
7001575,2017-11-14 23:00:00,2017-11-19 19:00:00,39.106,18.313,2017-11-17 20:00:00,CL7,750,168,1575
7001575,2017-11-14 23:00:00,2017-11-19 19:00:00,39.139,18.374,2017-11-17 21:00:00,CL7,752,167,1575
7001575,2017-11-14 23:00:00,2017-11-19 19:00:00,39.183,18.427,2017-11-17 22:00:00,CL7,753,166,1575
7001575,2017-11-14 23:00:00,2017-11-19 19:00:00,39.217,18.471,2017-11-17 23:00:00,CL7,754,165,1575
7001575,2017-11-14 23:00:00,2017-11-19 19:00:00,39.239,18.523,2017-11-18 00:00:00,CL7,755,164,1575
7001575,2017-11-14 23:00:00,2017-11-19 19:00:00,39.254,18.588,2017-11-18 01:00:00,CL7,757,164,1575
7001575,2017-11-14 23:00:00,2017-11-19 19:00:00,39.271,18.649,2017-11-18 02:00:00,CL7,759,164,1575
7001575,2017-11-14 23:00:00,2017-11-19 19:00:00,39.288,18.692,2017-11-18 03:00:00,CL7,760,163,1575
7001575,2017-11-14 23:00:00,2017-11-19 19:00:00,39.295,18.718,2017-11-18 04:00:00,CL7,760,163,1575
7001575,2017-11-14 23:00:00,2017-11-19 19:00:00,39.288,18.733,2017-11-18 05:00:00,CL7,761,163,1575
7001575,2017-11-14 23:00:00,2017-11-19 19:00:00,39.277,18.742,2017-11-18 06:00:00,CL7,761,163,1575
7001575,2017-11-14 23:00:00,2017-11-19 19:00:00,39.267,18.747,2017-11-18 07:00:00,CL7,761,164,1575
7001575,2017-11-14 23:00:00,2017-11-19 19:00:00,39.255,18.756,2017-11-18 08:00:00,CL7,762,164,1575
7001575,2017-11-14 23:00:00,2017-11-19 19:00:00,39.23,18.779,2017-11-18 09:00:00,CL7,762,165,1575
7001575,2017-11-14 23:00:00,2017-11-19 19:00:00,39.189,18.827,2017-11-18 10:00:00,CL7,764,166,1575
7001575,2017-11-14 23:00:00,2017-11-19 19:00:00,39.137,18.894,2017-11-18 11:00:00,CL7,766,167,1575
7001575,2017-11-14 23:00:00,2017-11-19 19:00:00,39.087,18.961,2017-11-18 12:00:00,CL7,768,168,1575
7001575,2017-11-14 23:00:00,2017-11-19 19:00:00,39.041,19.029,2017-11-18 13:00:00,CL7,770,170,1575
7001575,2017-11-14 23:00:00,2017-11-19 19:00:00,38.984,19.108,2017-11-18 14:00:00,CL7,772,171,1575
7001575,2017-11-14 23:00:00,2017-11-19 19:00:00,38.913,19.21,2017-11-18 15:00:00,CL7,775,173,1575
7001575,2017-11-14 23:00:00,2017-11-19 19:00:00,38.843,19.331,2017-11-18 16:00:00,CL7,779,175,1575
7001575,2017-11-14 23:00:00,2017-11-19 19:00:00,38.778,19.467,2017-11-18 17:00:00,CL7,783,176,1575
7001575,2017-11-14 23:00:00,2017-11-19 19:00:00,38.707,19.616,2017-11-18 18:00:00,CL7,787,178,1575
7001575,2017-11-14 23:00:00,2017-11-19 19:00:00,38.634,19.768,2017-11-18 19:00:00,CL7,792,180,1575
7001575,2017-11-14 23:00:00,2017-11-19 19:00:00,38.571,19.922,2017-11-18 20:00:00,CL7,796,182,1575
7001575,2017-11-14 23:00:00,2017-11-19 19:00:00,38.509,20.095,2017-11-18 21:00:00,CL7,801,183,1575
7001575,2017-11-14 23:00:00,2017-11-19 19:00:00,38.439,20.285,2017-11-18 22:00:00,CL7,807,185,1575
7001575,2017-11-14 23:00:00,2017-11-19 19:00:00,38.376,20.469,2017-11-18 23:00:00,CL7,812,187,1575
7001575,2017-11-14 23:00:00,2017-11-19 19:00:00,38.329,20.648,2017-11-19 00:00:00,CL7,817,188,1575
7001575,2017-11-14 23:00:00,2017-11-19 19:00:00,38.296,20.837,2017-11-19 01:00:00,CL7,822,189,1575
7001575,2017-11-14 23:00:00,2017-11-19 19:00:00,38.273,21.031,2017-11-19 02:00:00,CL7,828,190,1575
7001575,2017-11-14 23:00:00,2017-11-19 19:00:00,38.245,21.245,2017-11-19 03:00:00,CL7,834,191,1575
7001575,2017-11-14 23:00:00,2017-11-19 19:00:00,38.174,21.569,2017-11-19 04:00:00,CL7,843,193,1575
7001575,2017-11-14 23:00:00,2017-11-19 19:00:00,38.038,22.032,2017-11-19 05:00:00,CL7,857,197,1575
7001575,2017-11-14 23:00:00,2017-11-19 19:00:00,37.867,22.521,2017-11-19 06:00:00,CL7,871,201,1575
7001575,2017-11-14 23:00:00,2017-11-19 19:00:00,37.712,22.936,2017-11-19 07:00:00,CL7,883,206,1575
7001575,2017-11-14 23:00:00,2017-11-19 19:00:00,37.605,23.29,2017-11-19 08:00:00,CL7,893,209,1575
7001575,2017-11-14 23:00:00,2017-11-19 19:00:00,37.552,23.633,2017-11-19 09:00:00,CL7,903,210,1575
7001575,2017-11-14 23:00:00,2017-11-19 19:00:00,37.549,23.985,2017-11-19 10:00:00,CL7,912,211,1575
7001575,2017-11-14 23:00:00,2017-11-19 19:00:00,37.584,24.352,2017-11-19 11:00:00,CL7,922,210,1575
7001575,2017-11-14 23:00:00,2017-11-19 19:00:00,37.646,24.733,2017-11-19 12:00:00,CL7,932,209,1575
7001575,2017-11-14 23:00:00,2017-11-19 19:00:00,37.73,25.114,2017-11-19 13:00:00,CL7,942,207,1575
7001575,2017-11-14 23:00:00,2017-11-19 19:00:00,37.852,25.461,2017-11-19 14:00:00,CL7,950,204,1575
7001575,2017-11-14 23:00:00,2017-11-19 19:00:00,38.063,25.74,2017-11-19 15:00:00,CL7,956,199,1575
7001575,2017-11-14 23:00:00,2017-11-19 19:00:00,38.359,25.962,2017-11-19 16:00:00,CL7,960,192,1575
7001575,2017-11-14 23:00:00,2017-11-19 19:00:00,38.675,26.169,2017-11-19 17:00:00,CL7,963,184,1575
7001575,2017-11-14 23:00:00,2017-11-19 19:00:00,38.968,26.386,2017-11-19 18:00:00,CL7,967,177,1575
7001575,2017-11-14 23:00:00,2017-11-19 19:00:00,39.25,26.61,2017-11-19 19:00:00,CL7,970,170,1575
7001622,2018-09-26 13:00:00,2018-10-02 14:00:00,37.13,18.26,2018-09-26 13:00:00,CL7,756,218,1622
7001622,2018-09-26 13:00:00,2018-10-02 14:00:00,36.645,18.447,2018-09-26 14:00:00,CL7,763,230,1622
7001622,2018-09-26 13:00:00,2018-10-02 14:00:00,36.17,18.735,2018-09-26 15:00:00,CL7,773,243,1622
7001622,2018-09-26 13:00:00,2018-10-02 14:00:00,35.771,19.073,2018-09-26 16:00:00,CL7,785,254,1622
7001622,2018-09-26 13:00:00,2018-10-02 14:00:00,35.468,19.374,2018-09-26 17:00:00,CL7,794,262,1622
7001622,2018-09-26 13:00:00,2018-10-02 14:00:00,35.233,19.552,2018-09-26 18:00:00,CL7,800,268,1622
7001622,2018-09-26 13:00:00,2018-10-02 14:00:00,35.032,19.585,2018-09-26 19:00:00,CL7,802,274,1622
7001622,2018-09-26 13:00:00,2018-10-02 14:00:00,34.822,19.509,2018-09-26 20:00:00,CL7,801,279,1622
7001622,2018-09-26 13:00:00,2018-10-02 14:00:00,34.563,19.364,2018-09-26 21:00:00,CL7,798,286,1622
7001622,2018-09-26 13:00:00,2018-10-02 14:00:00,34.257,19.209,2018-09-26 22:00:00,CL7,794,295,1622
7001622,2018-09-26 13:00:00,2018-10-02 14:00:00,33.936,19.142,2018-09-26 23:00:00,CL7,794,303,1622
7001622,2018-09-26 13:00:00,2018-10-02 14:00:00,33.642,19.198,2018-09-27 00:00:00,CL7,796,311,1622
7001622,2018-09-26 13:00:00,2018-10-02 14:00:00,33.42,19.309,2018-09-27 01:00:00,CL7,801,318,1622
7001622,2018-09-26 13:00:00,2018-10-02 14:00:00,33.276,19.402,2018-09-27 02:00:00,CL7,804,322,1622
7001622,2018-09-26 13:00:00,2018-10-02 14:00:00,33.177,19.457,2018-09-27 03:00:00,CL7,806,325,1622
7001622,2018-09-26 13:00:00,2018-10-02 14:00:00,33.106,19.493,2018-09-27 04:00:00,CL7,807,327,1622
7001622,2018-09-26 13:00:00,2018-10-02 14:00:00,33.055,19.545,2018-09-27 05:00:00,CL7,809,328,1622
7001622,2018-09-26 13:00:00,2018-10-02 14:00:00,33.01,19.615,2018-09-27 06:00:00,CL7,811,329,1622
7001622,2018-09-26 13:00:00,2018-10-02 14:00:00,32.964,19.664,2018-09-27 07:00:00,CL7,813,331,1622
7001622,2018-09-26 13:00:00,2018-10-02 14:00:00,32.919,19.658,2018-09-27 08:00:00,CL7,813,332,1622
7001622,2018-09-26 13:00:00,2018-10-02 14:00:00,32.878,19.598,2018-09-27 09:00:00,CL7,811,333,1622
7001622,2018-09-26 13:00:00,2018-10-02 14:00:00,32.848,19.525,2018-09-27 10:00:00,CL7,809,334,1622
7001622,2018-09-26 13:00:00,2018-10-02 14:00:00,32.832,19.473,2018-09-27 11:00:00,CL7,808,334,1622
7001622,2018-09-26 13:00:00,2018-10-02 14:00:00,32.837,19.449,2018-09-27 12:00:00,CL7,807,334,1622
7001622,2018-09-26 13:00:00,2018-10-02 14:00:00,32.87,19.445,2018-09-27 13:00:00,CL7,807,333,1622
7001622,2018-09-26 13:00:00,2018-10-02 14:00:00,32.926,19.45,2018-09-27 14:00:00,CL7,807,332,1622
7001622,2018-09-26 13:00:00,2018-10-02 14:00:00,33.003,19.455,2018-09-27 15:00:00,CL7,806,329,1622
7001622,2018-09-26 13:00:00,2018-10-02 14:00:00,33.092,19.459,2018-09-27 16:00:00,CL7,806,327,1622
7001622,2018-09-26 13:00:00,2018-10-02 14:00:00,33.187,19.469,2018-09-27 17:00:00,CL7,806,324,1622
7001622,2018-09-26 13:00:00,2018-10-02 14:00:00,33.301,19.476,2018-09-27 18:00:00,CL7,806,321,1622
7001622,2018-09-26 13:00:00,2018-10-02 14:00:00,33.448,19.44,2018-09-27 19:00:00,CL7,804,317,1622
7001622,2018-09-26 13:00:00,2018-10-02 14:00:00,33.599,19.348,2018-09-27 20:00:00,CL7,801,313,1622
7001622,2018-09-26 13:00:00,2018-10-02 14:00:00,33.72,19.231,2018-09-27 21:00:00,CL7,797,309,1622
7001622,2018-09-26 13:00:00,2018-10-02 14:00:00,33.812,19.123,2018-09-27 22:00:00,CL7,794,307,1622
7001622,2018-09-26 13:00:00,2018-10-02 14:00:00,33.893,19.049,2018-09-27 23:00:00,CL7,791,304,1622
7001622,2018-09-26 13:00:00,2018-10-02 14:00:00,33.98,19.012,2018-09-28 00:00:00,CL7,790,302,1622
7001622,2018-09-26 13:00:00,2018-10-02 14:00:00,34.079,18.993,2018-09-28 01:00:00,CL7,789,299,1622
7001622,2018-09-26 13:00:00,2018-10-02 14:00:00,34.189,18.975,2018-09-28 02:00:00,CL7,788,296,1622
7001622,2018-09-26 13:00:00,2018-10-02 14:00:00,34.305,18.946,2018-09-28 03:00:00,CL7,786,293,1622
7001622,2018-09-26 13:00:00,2018-10-02 14:00:00,34.431,18.896,2018-09-28 04:00:00,CL7,785,290,1622
7001622,2018-09-26 13:00:00,2018-10-02 14:00:00,34.568,18.823,2018-09-28 05:00:00,CL7,782,286,1622
7001622,2018-09-26 13:00:00,2018-10-02 14:00:00,34.704,18.733,2018-09-28 06:00:00,CL7,779,282,1622
7001622,2018-09-26 13:00:00,2018-10-02 14:00:00,34.826,18.633,2018-09-28 07:00:00,CL7,775,279,1622
7001622,2018-09-26 13:00:00,2018-10-02 14:00:00,34.929,18.532,2018-09-28 08:00:00,CL7,772,276,1622
7001622,2018-09-26 13:00:00,2018-10-02 14:00:00,35.007,18.445,2018-09-28 09:00:00,CL7,769,274,1622
7001622,2018-09-26 13:00:00,2018-10-02 14:00:00,35.06,18.387,2018-09-28 10:00:00,CL7,767,272,1622
7001622,2018-09-26 13:00:00,2018-10-02 14:00:00,35.095,18.358,2018-09-28 11:00:00,CL7,766,271,1622
7001622,2018-09-26 13:00:00,2018-10-02 14:00:00,35.12,18.352,2018-09-28 12:00:00,CL7,766,271,1622
7001622,2018-09-26 13:00:00,2018-10-02 14:00:00,35.142,18.369,2018-09-28 13:00:00,CL7,767,270,1622
7001622,2018-09-26 13:00:00,2018-10-02 14:00:00,35.165,18.414,2018-09-28 14:00:00,CL7,768,270,1622
7001622,2018-09-26 13:00:00,2018-10-02 14:00:00,35.187,18.491,2018-09-28 15:00:00,CL7,770,269,1622
7001622,2018-09-26 13:00:00,2018-10-02 14:00:00,35.205,18.593,2018-09-28 16:00:00,CL7,773,269,1622
7001622,2018-09-26 13:00:00,2018-10-02 14:00:00,35.219,18.714,2018-09-28 17:00:00,CL7,776,268,1622
7001622,2018-09-26 13:00:00,2018-10-02 14:00:00,35.232,18.845,2018-09-28 18:00:00,CL7,780,268,1622
7001622,2018-09-26 13:00:00,2018-10-02 14:00:00,35.253,18.987,2018-09-28 19:00:00,CL7,784,267,1622
7001622,2018-09-26 13:00:00,2018-10-02 14:00:00,35.298,19.155,2018-09-28 20:00:00,CL7,789,266,1622
7001622,2018-09-26 13:00:00,2018-10-02 14:00:00,35.377,19.361,2018-09-28 21:00:00,CL7,794,264,1622
7001622,2018-09-26 13:00:00,2018-10-02 14:00:00,35.477,19.589,2018-09-28 22:00:00,CL7,800,262,1622
7001622,2018-09-26 13:00:00,2018-10-02 14:00:00,35.582,19.812,2018-09-28 23:00:00,CL7,806,259,1622
7001622,2018-09-26 13:00:00,2018-10-02 14:00:00,35.687,20.024,2018-09-29 00:00:00,CL7,812,256,1622
7001622,2018-09-26 13:00:00,2018-10-02 14:00:00,35.789,20.231,2018-09-29 01:00:00,CL7,817,254,1622
7001622,2018-09-26 13:00:00,2018-10-02 14:00:00,35.882,20.431,2018-09-29 02:00:00,CL7,823,252,1622
7001622,2018-09-26 13:00:00,2018-10-02 14:00:00,35.973,20.623,2018-09-29 03:00:00,CL7,828,249,1622
7001622,2018-09-26 13:00:00,2018-10-02 14:00:00,36.068,20.819,2018-09-29 04:00:00,CL7,833,247,1622
7001622,2018-09-26 13:00:00,2018-10-02 14:00:00,36.167,21.028,2018-09-29 05:00:00,CL7,838,244,1622
7001622,2018-09-26 13:00:00,2018-10-02 14:00:00,36.266,21.25,2018-09-29 06:00:00,CL7,844,242,1622
7001622,2018-09-26 13:00:00,2018-10-02 14:00:00,36.363,21.473,2018-09-29 07:00:00,CL7,850,240,1622
7001622,2018-09-26 13:00:00,2018-10-02 14:00:00,36.466,21.672,2018-09-29 08:00:00,CL7,855,237,1622
7001622,2018-09-26 13:00:00,2018-10-02 14:00:00,36.583,21.852,2018-09-29 09:00:00,CL7,859,234,1622
7001622,2018-09-26 13:00:00,2018-10-02 14:00:00,36.72,22.055,2018-09-29 10:00:00,CL7,864,231,1622
7001622,2018-09-26 13:00:00,2018-10-02 14:00:00,36.867,22.289,2018-09-29 11:00:00,CL7,870,227,1622
7001622,2018-09-26 13:00:00,2018-10-02 14:00:00,36.997,22.509,2018-09-29 12:00:00,CL7,875,224,1622
7001622,2018-09-26 13:00:00,2018-10-02 14:00:00,37.095,22.688,2018-09-29 13:00:00,CL7,879,221,1622
7001622,2018-09-26 13:00:00,2018-10-02 14:00:00,37.169,22.831,2018-09-29 14:00:00,CL7,883,219,1622
7001622,2018-09-26 13:00:00,2018-10-02 14:00:00,37.24,22.961,2018-09-29 15:00:00,CL7,886,218,1622
7001622,2018-09-26 13:00:00,2018-10-02 14:00:00,37.316,23.094,2018-09-29 16:00:00,CL7,889,216,1622
7001622,2018-09-26 13:00:00,2018-10-02 14:00:00,37.391,23.225,2018-09-29 17:00:00,CL7,893,214,1622
7001622,2018-09-26 13:00:00,2018-10-02 14:00:00,37.462,23.336,2018-09-29 18:00:00,CL7,895,212,1622
7001622,2018-09-26 13:00:00,2018-10-02 14:00:00,37.524,23.425,2018-09-29 19:00:00,CL7,897,211,1622
7001622,2018-09-26 13:00:00,2018-10-02 14:00:00,37.574,23.503,2018-09-29 20:00:00,CL7,899,210,1622
7001622,2018-09-26 13:00:00,2018-10-02 14:00:00,37.606,23.572,2018-09-29 21:00:00,CL7,901,209,1622
7001622,2018-09-26 13:00:00,2018-10-02 14:00:00,37.627,23.633,2018-09-29 22:00:00,CL7,902,208,1622
7001622,2018-09-26 13:00:00,2018-10-02 14:00:00,37.645,23.691,2018-09-29 23:00:00,CL7,904,208,1622
7001622,2018-09-26 13:00:00,2018-10-02 14:00:00,37.66,23.754,2018-09-30 00:00:00,CL7,905,207,1622
7001622,2018-09-26 13:00:00,2018-10-02 14:00:00,37.672,23.82,2018-09-30 01:00:00,CL7,907,207,1622
7001622,2018-09-26 13:00:00,2018-10-02 14:00:00,37.684,23.884,2018-09-30 02:00:00,CL7,909,207,1622
7001622,2018-09-26 13:00:00,2018-10-02 14:00:00,37.71,23.955,2018-09-30 03:00:00,CL7,910,206,1622
7001622,2018-09-26 13:00:00,2018-10-02 14:00:00,37.752,24.033,2018-09-30 04:00:00,CL7,912,205,1622
7001622,2018-09-26 13:00:00,2018-10-02 14:00:00,37.804,24.115,2018-09-30 05:00:00,CL7,914,204,1622
7001622,2018-09-26 13:00:00,2018-10-02 14:00:00,37.861,24.197,2018-09-30 06:00:00,CL7,916,203,1622
7001622,2018-09-26 13:00:00,2018-10-02 14:00:00,37.912,24.27,2018-09-30 07:00:00,CL7,918,202,1622
7001622,2018-09-26 13:00:00,2018-10-02 14:00:00,37.953,24.329,2018-09-30 08:00:00,CL7,919,201,1622
7001622,2018-09-26 13:00:00,2018-10-02 14:00:00,37.99,24.376,2018-09-30 09:00:00,CL7,920,200,1622
7001622,2018-09-26 13:00:00,2018-10-02 14:00:00,38.03,24.421,2018-09-30 10:00:00,CL7,921,199,1622
7001622,2018-09-26 13:00:00,2018-10-02 14:00:00,38.077,24.467,2018-09-30 11:00:00,CL7,922,198,1622
7001622,2018-09-26 13:00:00,2018-10-02 14:00:00,38.129,24.514,2018-09-30 12:00:00,CL7,923,196,1622
7001622,2018-09-26 13:00:00,2018-10-02 14:00:00,38.184,24.559,2018-09-30 13:00:00,CL7,924,195,1622
7001622,2018-09-26 13:00:00,2018-10-02 14:00:00,38.236,24.599,2018-09-30 14:00:00,CL7,925,194,1622
7001622,2018-09-26 13:00:00,2018-10-02 14:00:00,38.28,24.633,2018-09-30 15:00:00,CL7,925,193,1622
7001622,2018-09-26 13:00:00,2018-10-02 14:00:00,38.312,24.663,2018-09-30 16:00:00,CL7,926,192,1622
7001622,2018-09-26 13:00:00,2018-10-02 14:00:00,38.334,24.698,2018-09-30 17:00:00,CL7,926,191,1622
7001622,2018-09-26 13:00:00,2018-10-02 14:00:00,38.353,24.749,2018-09-30 18:00:00,CL7,928,191,1622
7001622,2018-09-26 13:00:00,2018-10-02 14:00:00,38.373,24.821,2018-09-30 19:00:00,CL7,929,190,1622
7001622,2018-09-26 13:00:00,2018-10-02 14:00:00,38.392,24.91,2018-09-30 20:00:00,CL7,932,190,1622
7001622,2018-09-26 13:00:00,2018-10-02 14:00:00,38.418,24.998,2018-09-30 21:00:00,CL7,934,189,1622
7001622,2018-09-26 13:00:00,2018-10-02 14:00:00,38.464,25.069,2018-09-30 22:00:00,CL7,935,188,1622
7001622,2018-09-26 13:00:00,2018-10-02 14:00:00,38.532,25.119,2018-09-30 23:00:00,CL7,937,187,1622
7001622,2018-09-26 13:00:00,2018-10-02 14:00:00,38.604,25.156,2018-10-01 00:00:00,CL7,937,185,1622
7001622,2018-09-26 13:00:00,2018-10-02 14:00:00,38.675,25.194,2018-10-01 01:00:00,CL7,937,183,1622
7001622,2018-09-26 13:00:00,2018-10-02 14:00:00,38.753,25.236,2018-10-01 02:00:00,CL7,938,181,1622
7001622,2018-09-26 13:00:00,2018-10-02 14:00:00,38.845,25.281,2018-10-01 03:00:00,CL7,939,179,1622
7001622,2018-09-26 13:00:00,2018-10-02 14:00:00,38.953,25.332,2018-10-01 04:00:00,CL7,939,176,1622
7001622,2018-09-26 13:00:00,2018-10-02 14:00:00,39.073,25.392,2018-10-01 05:00:00,CL7,940,173,1622
7001622,2018-09-26 13:00:00,2018-10-02 14:00:00,39.201,25.454,2018-10-01 06:00:00,CL7,941,170,1622
7001622,2018-09-26 13:00:00,2018-10-02 14:00:00,39.342,25.514,2018-10-01 07:00:00,CL7,941,167,1622
7001622,2018-09-26 13:00:00,2018-10-02 14:00:00,39.51,25.565,2018-10-01 08:00:00,CL7,942,163,1622
7001622,2018-09-26 13:00:00,2018-10-02 14:00:00,39.705,25.624,2018-10-01 09:00:00,CL7,942,158,1622
7001622,2018-09-26 13:00:00,2018-10-02 14:00:00,39.882,25.729,2018-10-01 10:00:00,CL7,943,154,1622
7001622,2018-09-26 13:00:00,2018-10-02 14:00:00,40.017,25.869,2018-10-01 11:00:00,CL7,946,151,1622
7001622,2018-09-26 13:00:00,2018-10-02 14:00:00,40.146,26.021,2018-10-01 12:00:00,CL7,949,148,1622
7001622,2018-09-26 13:00:00,2018-10-02 14:00:00,40.295,26.211,2018-10-01 13:00:00,CL7,952,144,1622
7001622,2018-09-26 13:00:00,2018-10-02 14:00:00,40.443,26.437,2018-10-01 14:00:00,CL7,957,141,1622
7001622,2018-09-26 13:00:00,2018-10-02 14:00:00,40.599,26.673,2018-10-01 15:00:00,CL7,962,137,1622
7001622,2018-09-26 13:00:00,2018-10-02 14:00:00,40.798,26.918,2018-10-01 16:00:00,CL7,967,133,1622
7001622,2018-09-26 13:00:00,2018-10-02 14:00:00,41.043,27.175,2018-10-01 17:00:00,CL7,971,127,1622
7001622,2018-09-26 13:00:00,2018-10-02 14:00:00,41.34,27.44,2018-10-01 18:00:00,CL7,975,120,1622
7001622,2018-09-26 13:00:00,2018-10-02 14:00:00,41.667,27.703,2018-10-01 19:00:00,CL7,979,113,1622
7001622,2018-09-26 13:00:00,2018-10-02 14:00:00,41.958,27.926,2018-10-01 20:00:00,CL7,982,106,1622
7001622,2018-09-26 13:00:00,2018-10-02 14:00:00,42.197,28.082,2018-10-01 21:00:00,CL7,984,101,1622
7001622,2018-09-26 13:00:00,2018-10-02 14:00:00,42.409,28.183,2018-10-01 22:00:00,CL7,985,96,1622
7001622,2018-09-26 13:00:00,2018-10-02 14:00:00,42.595,28.26,2018-10-01 23:00:00,CL7,985,92,1622
7001622,2018-09-26 13:00:00,2018-10-02 14:00:00,42.748,28.336,2018-10-02 00:00:00,CL7,986,89,1622
7001622,2018-09-26 13:00:00,2018-10-02 14:00:00,42.858,28.416,2018-10-02 01:00:00,CL7,987,86,1622
7001622,2018-09-26 13:00:00,2018-10-02 14:00:00,42.926,28.514,2018-10-02 02:00:00,CL7,989,85,1622
7001622,2018-09-26 13:00:00,2018-10-02 14:00:00,42.966,28.651,2018-10-02 03:00:00,CL7,991,84,1622
7001622,2018-09-26 13:00:00,2018-10-02 14:00:00,42.998,28.813,2018-10-02 04:00:00,CL7,995,83,1622
7001622,2018-09-26 13:00:00,2018-10-02 14:00:00,43.045,28.971,2018-10-02 05:00:00,CL7,998,82,1622
7001622,2018-09-26 13:00:00,2018-10-02 14:00:00,43.111,29.116,2018-10-02 06:00:00,CL7,1001,81,1622
7001622,2018-09-26 13:00:00,2018-10-02 14:00:00,43.175,29.281,2018-10-02 07:00:00,CL7,1005,80,1622
7001622,2018-09-26 13:00:00,2018-10-02 14:00:00,43.229,29.485,2018-10-02 08:00:00,CL7,1009,79,1622
7001622,2018-09-26 13:00:00,2018-10-02 14:00:00,43.288,29.697,2018-10-02 09:00:00,CL7,1013,78,1622
7001622,2018-09-26 13:00:00,2018-10-02 14:00:00,43.359,29.887,2018-10-02 10:00:00,CL7,1017,76,1622
7001622,2018-09-26 13:00:00,2018-10-02 14:00:00,43.433,30.063,2018-10-02 11:00:00,CL7,1021,75,1622
7001622,2018-09-26 13:00:00,2018-10-02 14:00:00,43.518,30.258,2018-10-02 12:00:00,CL7,1024,73,1622
7001622,2018-09-26 13:00:00,2018-10-02 14:00:00,43.628,30.501,2018-10-02 13:00:00,CL7,1029,71,1622
7001622,2018-09-26 13:00:00,2018-10-02 14:00:00,43.75,30.77,2018-10-02 14:00:00,CL7,1034,69,1622
7001702,2020-09-12 05:00:00,2020-09-20 18:00:00,31.99,13.15,2020-09-12 05:00:00,CL7,619,356,1702
7001702,2020-09-12 05:00:00,2020-09-20 18:00:00,32.167,13.143,2020-09-12 06:00:00,CL7,619,351,1702
7001702,2020-09-12 05:00:00,2020-09-20 18:00:00,32.038,13.175,2020-09-12 07:00:00,CL7,620,354,1702
7001702,2020-09-12 05:00:00,2020-09-20 18:00:00,31.715,13.264,2020-09-12 08:00:00,CL7,623,363,1702
7001702,2020-09-12 05:00:00,2020-09-20 18:00:00,31.361,13.384,2020-09-12 09:00:00,CL7,627,374,1702
7001702,2020-09-12 05:00:00,2020-09-20 18:00:00,31.056,13.504,2020-09-12 10:00:00,CL7,631,382,1702
7001702,2020-09-12 05:00:00,2020-09-20 18:00:00,30.824,13.62,2020-09-12 11:00:00,CL7,635,389,1702
7001702,2020-09-12 05:00:00,2020-09-20 18:00:00,30.709,13.772,2020-09-12 12:00:00,CL7,640,393,1702
7001702,2020-09-12 05:00:00,2020-09-20 18:00:00,30.713,13.99,2020-09-12 13:00:00,CL7,647,392,1702
7001702,2020-09-12 05:00:00,2020-09-20 18:00:00,30.757,14.249,2020-09-12 14:00:00,CL7,655,391,1702
7001702,2020-09-12 05:00:00,2020-09-20 18:00:00,30.75,14.493,2020-09-12 15:00:00,CL7,662,392,1702
7001702,2020-09-12 05:00:00,2020-09-20 18:00:00,30.646,14.669,2020-09-12 16:00:00,CL7,668,395,1702
7001702,2020-09-12 05:00:00,2020-09-20 18:00:00,30.47,14.77,2020-09-12 17:00:00,CL7,672,400,1702
7001702,2020-09-12 05:00:00,2020-09-20 18:00:00,30.292,14.842,2020-09-12 18:00:00,CL7,674,405,1702
7001702,2020-09-12 05:00:00,2020-09-20 18:00:00,30.153,14.922,2020-09-12 19:00:00,CL7,677,409,1702
7001702,2020-09-12 05:00:00,2020-09-20 18:00:00,30.068,15.014,2020-09-12 20:00:00,CL7,680,412,1702
7001702,2020-09-12 05:00:00,2020-09-20 18:00:00,30.021,15.113,2020-09-12 21:00:00,CL7,683,413,1702
7001702,2020-09-12 05:00:00,2020-09-20 18:00:00,30.027,15.55,2020-09-13 03:00:00,CL7,697,413,1702
7001702,2020-09-12 05:00:00,2020-09-20 18:00:00,30.061,15.609,2020-09-13 04:00:00,CL7,698,412,1702
7001702,2020-09-12 05:00:00,2020-09-20 18:00:00,30.112,15.653,2020-09-13 05:00:00,CL7,700,411,1702
7001702,2020-09-12 05:00:00,2020-09-20 18:00:00,30.18,15.695,2020-09-13 06:00:00,CL7,701,409,1702
7001702,2020-09-12 05:00:00,2020-09-20 18:00:00,30.233,15.781,2020-09-13 07:00:00,CL7,703,407,1702
7001702,2020-09-12 05:00:00,2020-09-20 18:00:00,30.241,15.938,2020-09-13 08:00:00,CL7,708,407,1702
7001702,2020-09-12 05:00:00,2020-09-20 18:00:00,30.192,16.142,2020-09-13 09:00:00,CL7,715,408,1702
7001702,2020-09-12 05:00:00,2020-09-20 18:00:00,30.066,16.366,2020-09-13 10:00:00,CL7,722,412,1702
7001702,2020-09-12 05:00:00,2020-09-20 18:00:00,30.22,17.625,2020-09-13 23:00:00,CL7,760,408,1702
7001702,2020-09-12 05:00:00,2020-09-20 18:00:00,30.487,17.515,2020-09-14 00:00:00,CL7,756,400,1702
7001702,2020-09-12 05:00:00,2020-09-20 18:00:00,30.682,17.396,2020-09-14 01:00:00,CL7,752,395,1702
7001702,2020-09-12 05:00:00,2020-09-20 18:00:00,30.818,17.286,2020-09-14 02:00:00,CL7,748,391,1702
7001702,2020-09-12 05:00:00,2020-09-20 18:00:00,30.919,17.188,2020-09-14 03:00:00,CL7,745,388,1702
7001702,2020-09-12 05:00:00,2020-09-20 18:00:00,31.008,17.093,2020-09-14 04:00:00,CL7,742,385,1702
7001702,2020-09-12 05:00:00,2020-09-20 18:00:00,31.086,17.002,2020-09-14 05:00:00,CL7,739,383,1702
7001702,2020-09-12 05:00:00,2020-09-20 18:00:00,31.146,16.925,2020-09-14 06:00:00,CL7,736,381,1702
7001702,2020-09-12 05:00:00,2020-09-20 18:00:00,31.186,16.874,2020-09-14 07:00:00,CL7,735,380,1702
7001702,2020-09-12 05:00:00,2020-09-20 18:00:00,31.206,16.86,2020-09-14 08:00:00,CL7,734,379,1702
7001702,2020-09-12 05:00:00,2020-09-20 18:00:00,31.21,16.894,2020-09-14 09:00:00,CL7,735,379,1702
7001702,2020-09-12 05:00:00,2020-09-20 18:00:00,31.193,16.984,2020-09-14 10:00:00,CL7,738,380,1702
7001702,2020-09-12 05:00:00,2020-09-20 18:00:00,31.166,17.108,2020-09-14 11:00:00,CL7,742,380,1702
7001702,2020-09-12 05:00:00,2020-09-20 18:00:00,31.167,17.234,2020-09-14 12:00:00,CL7,746,380,1702
7001702,2020-09-12 05:00:00,2020-09-20 18:00:00,31.242,17.325,2020-09-14 13:00:00,CL7,748,378,1702
7001702,2020-09-12 05:00:00,2020-09-20 18:00:00,31.393,17.354,2020-09-14 14:00:00,CL7,749,374,1702
7001702,2020-09-12 05:00:00,2020-09-20 18:00:00,31.573,17.331,2020-09-14 15:00:00,CL7,748,369,1702
7001702,2020-09-12 05:00:00,2020-09-20 18:00:00,31.727,17.286,2020-09-14 16:00:00,CL7,746,364,1702
7001702,2020-09-12 05:00:00,2020-09-20 18:00:00,31.849,17.239,2020-09-14 17:00:00,CL7,744,361,1702
7001702,2020-09-12 05:00:00,2020-09-20 18:00:00,31.954,17.197,2020-09-14 18:00:00,CL7,742,358,1702
7001702,2020-09-12 05:00:00,2020-09-20 18:00:00,32.058,17.161,2020-09-14 19:00:00,CL7,741,355,1702
7001702,2020-09-12 05:00:00,2020-09-20 18:00:00,32.171,17.128,2020-09-14 20:00:00,CL7,740,352,1702
7001702,2020-09-12 05:00:00,2020-09-20 18:00:00,32.285,17.1,2020-09-14 21:00:00,CL7,738,348,1702
7001702,2020-09-12 05:00:00,2020-09-20 18:00:00,32.392,17.07,2020-09-14 22:00:00,CL7,737,345,1702
7001702,2020-09-12 05:00:00,2020-09-20 18:00:00,32.485,17.025,2020-09-14 23:00:00,CL7,736,343,1702
7001702,2020-09-12 05:00:00,2020-09-20 18:00:00,32.574,16.96,2020-09-15 00:00:00,CL7,733,340,1702
7001702,2020-09-12 05:00:00,2020-09-20 18:00:00,32.67,16.87,2020-09-15 01:00:00,CL7,730,337,1702
7001702,2020-09-12 05:00:00,2020-09-20 18:00:00,32.763,16.745,2020-09-15 02:00:00,CL7,726,335,1702
7001702,2020-09-12 05:00:00,2020-09-20 18:00:00,32.848,16.576,2020-09-15 03:00:00,CL7,721,332,1702
7001702,2020-09-12 05:00:00,2020-09-20 18:00:00,32.932,16.365,2020-09-15 04:00:00,CL7,715,330,1702
7001702,2020-09-12 05:00:00,2020-09-20 18:00:00,33.005,16.127,2020-09-15 05:00:00,CL7,707,328,1702
7001702,2020-09-12 05:00:00,2020-09-20 18:00:00,33.05,15.88,2020-09-15 06:00:00,CL7,700,326,1702
7001702,2020-09-12 05:00:00,2020-09-20 18:00:00,33.062,15.655,2020-09-15 07:00:00,CL7,693,326,1702
7001702,2020-09-12 05:00:00,2020-09-20 18:00:00,33.039,15.481,2020-09-15 08:00:00,CL7,688,327,1702
7001702,2020-09-12 05:00:00,2020-09-20 18:00:00,32.998,15.351,2020-09-15 09:00:00,CL7,684,328,1702
7001702,2020-09-12 05:00:00,2020-09-20 18:00:00,32.955,15.261,2020-09-15 10:00:00,CL7,681,329,1702
7001702,2020-09-12 05:00:00,2020-09-20 18:00:00,32.906,15.24,2020-09-15 11:00:00,CL7,681,330,1702
7001702,2020-09-12 05:00:00,2020-09-20 18:00:00,32.855,15.297,2020-09-15 12:00:00,CL7,683,332,1702
7001702,2020-09-12 05:00:00,2020-09-20 18:00:00,32.823,15.392,2020-09-15 13:00:00,CL7,686,333,1702
7001702,2020-09-12 05:00:00,2020-09-20 18:00:00,32.816,15.491,2020-09-15 14:00:00,CL7,689,333,1702
7001702,2020-09-12 05:00:00,2020-09-20 18:00:00,32.842,15.585,2020-09-15 15:00:00,CL7,691,332,1702
7001702,2020-09-12 05:00:00,2020-09-20 18:00:00,32.901,15.664,2020-09-15 16:00:00,CL7,694,331,1702
7001702,2020-09-12 05:00:00,2020-09-20 18:00:00,32.98,15.724,2020-09-15 17:00:00,CL7,695,328,1702
7001702,2020-09-12 05:00:00,2020-09-20 18:00:00,33.069,15.781,2020-09-15 18:00:00,CL7,697,326,1702
7001702,2020-09-12 05:00:00,2020-09-20 18:00:00,33.165,15.847,2020-09-15 19:00:00,CL7,698,323,1702
7001702,2020-09-12 05:00:00,2020-09-20 18:00:00,33.265,15.925,2020-09-15 20:00:00,CL7,700,320,1702
7001702,2020-09-12 05:00:00,2020-09-20 18:00:00,33.359,16.029,2020-09-15 21:00:00,CL7,703,318,1702
7001702,2020-09-12 05:00:00,2020-09-20 18:00:00,33.452,16.168,2020-09-15 22:00:00,CL7,707,315,1702
7001702,2020-09-12 05:00:00,2020-09-20 18:00:00,33.558,16.319,2020-09-15 23:00:00,CL7,711,312,1702
7001702,2020-09-12 05:00:00,2020-09-20 18:00:00,33.684,16.453,2020-09-16 00:00:00,CL7,715,309,1702
7001702,2020-09-12 05:00:00,2020-09-20 18:00:00,33.828,16.566,2020-09-16 01:00:00,CL7,718,305,1702
7001702,2020-09-12 05:00:00,2020-09-20 18:00:00,33.992,16.668,2020-09-16 02:00:00,CL7,721,301,1702
7001702,2020-09-12 05:00:00,2020-09-20 18:00:00,34.168,16.761,2020-09-16 03:00:00,CL7,723,296,1702
7001702,2020-09-12 05:00:00,2020-09-20 18:00:00,34.337,16.829,2020-09-16 04:00:00,CL7,724,291,1702
7001702,2020-09-12 05:00:00,2020-09-20 18:00:00,34.477,16.867,2020-09-16 05:00:00,CL7,725,287,1702
7001702,2020-09-12 05:00:00,2020-09-20 18:00:00,34.587,16.896,2020-09-16 06:00:00,CL7,726,285,1702
7001702,2020-09-12 05:00:00,2020-09-20 18:00:00,34.69,16.939,2020-09-16 07:00:00,CL7,727,282,1702
7001702,2020-09-12 05:00:00,2020-09-20 18:00:00,34.823,17.009,2020-09-16 08:00:00,CL7,728,278,1702
7001702,2020-09-12 05:00:00,2020-09-20 18:00:00,34.994,17.103,2020-09-16 09:00:00,CL7,730,273,1702
7001702,2020-09-12 05:00:00,2020-09-20 18:00:00,35.174,17.207,2020-09-16 10:00:00,CL7,733,269,1702
7001702,2020-09-12 05:00:00,2020-09-20 18:00:00,35.339,17.31,2020-09-16 11:00:00,CL7,735,264,1702
7001702,2020-09-12 05:00:00,2020-09-20 18:00:00,35.497,17.401,2020-09-16 12:00:00,CL7,737,260,1702
7001702,2020-09-12 05:00:00,2020-09-20 18:00:00,35.666,17.462,2020-09-16 13:00:00,CL7,739,256,1702
7001702,2020-09-12 05:00:00,2020-09-20 18:00:00,35.848,17.483,2020-09-16 14:00:00,CL7,739,251,1702
7001702,2020-09-12 05:00:00,2020-09-20 18:00:00,36.027,17.477,2020-09-16 15:00:00,CL7,738,246,1702
7001702,2020-09-12 05:00:00,2020-09-20 18:00:00,36.188,17.462,2020-09-16 16:00:00,CL7,737,242,1702
7001702,2020-09-12 05:00:00,2020-09-20 18:00:00,36.325,17.451,2020-09-16 17:00:00,CL7,736,238,1702
7001702,2020-09-12 05:00:00,2020-09-20 18:00:00,36.446,17.452,2020-09-16 18:00:00,CL7,736,235,1702
7001702,2020-09-12 05:00:00,2020-09-20 18:00:00,36.555,17.462,2020-09-16 19:00:00,CL7,736,232,1702
7001702,2020-09-12 05:00:00,2020-09-20 18:00:00,36.644,17.458,2020-09-16 20:00:00,CL7,735,230,1702
7001702,2020-09-12 05:00:00,2020-09-20 18:00:00,36.712,17.442,2020-09-16 21:00:00,CL7,735,228,1702
7001702,2020-09-12 05:00:00,2020-09-20 18:00:00,36.765,17.441,2020-09-16 22:00:00,CL7,734,227,1702
7001702,2020-09-12 05:00:00,2020-09-20 18:00:00,36.81,17.474,2020-09-16 23:00:00,CL7,735,226,1702
7001702,2020-09-12 05:00:00,2020-09-20 18:00:00,36.858,17.534,2020-09-17 00:00:00,CL7,737,224,1702
7001702,2020-09-12 05:00:00,2020-09-20 18:00:00,36.919,17.61,2020-09-17 01:00:00,CL7,739,223,1702
7001702,2020-09-12 05:00:00,2020-09-20 18:00:00,36.992,17.693,2020-09-17 02:00:00,CL7,741,221,1702
7001702,2020-09-12 05:00:00,2020-09-20 18:00:00,37.069,17.782,2020-09-17 03:00:00,CL7,743,219,1702
7001702,2020-09-12 05:00:00,2020-09-20 18:00:00,37.138,17.867,2020-09-17 04:00:00,CL7,745,217,1702
7001702,2020-09-12 05:00:00,2020-09-20 18:00:00,37.188,17.943,2020-09-17 05:00:00,CL7,747,216,1702
7001702,2020-09-12 05:00:00,2020-09-20 18:00:00,37.22,18.02,2020-09-17 06:00:00,CL7,749,215,1702
7001702,2020-09-12 05:00:00,2020-09-20 18:00:00,37.246,18.107,2020-09-17 07:00:00,CL7,752,215,1702
7001702,2020-09-12 05:00:00,2020-09-20 18:00:00,37.282,18.212,2020-09-17 08:00:00,CL7,754,214,1702
7001702,2020-09-12 05:00:00,2020-09-20 18:00:00,37.336,18.336,2020-09-17 09:00:00,CL7,758,212,1702
7001702,2020-09-12 05:00:00,2020-09-20 18:00:00,37.392,18.465,2020-09-17 10:00:00,CL7,761,211,1702
7001702,2020-09-12 05:00:00,2020-09-20 18:00:00,37.438,18.586,2020-09-17 11:00:00,CL7,764,210,1702
7001702,2020-09-12 05:00:00,2020-09-20 18:00:00,37.469,18.701,2020-09-17 12:00:00,CL7,767,209,1702
7001702,2020-09-12 05:00:00,2020-09-20 18:00:00,37.488,18.82,2020-09-17 13:00:00,CL7,771,209,1702
7001702,2020-09-12 05:00:00,2020-09-20 18:00:00,37.501,18.954,2020-09-17 14:00:00,CL7,774,208,1702
7001702,2020-09-12 05:00:00,2020-09-20 18:00:00,37.508,19.112,2020-09-17 15:00:00,CL7,779,208,1702
7001702,2020-09-12 05:00:00,2020-09-20 18:00:00,37.512,19.289,2020-09-17 16:00:00,CL7,783,208,1702
7001702,2020-09-12 05:00:00,2020-09-20 18:00:00,37.521,19.467,2020-09-17 17:00:00,CL7,788,208,1702
7001702,2020-09-12 05:00:00,2020-09-20 18:00:00,37.548,19.632,2020-09-17 18:00:00,CL7,793,208,1702
7001702,2020-09-12 05:00:00,2020-09-20 18:00:00,37.598,19.777,2020-09-17 19:00:00,CL7,797,206,1702
7001702,2020-09-12 05:00:00,2020-09-20 18:00:00,37.658,19.895,2020-09-17 20:00:00,CL7,800,205,1702
7001702,2020-09-12 05:00:00,2020-09-20 18:00:00,37.718,19.994,2020-09-17 21:00:00,CL7,802,203,1702
7001702,2020-09-12 05:00:00,2020-09-20 18:00:00,37.779,20.086,2020-09-17 22:00:00,CL7,804,202,1702
7001702,2020-09-12 05:00:00,2020-09-20 18:00:00,37.841,20.184,2020-09-17 23:00:00,CL7,807,200,1702
7001702,2020-09-12 05:00:00,2020-09-20 18:00:00,37.898,20.295,2020-09-18 00:00:00,CL7,810,199,1702
7001702,2020-09-12 05:00:00,2020-09-20 18:00:00,37.944,20.425,2020-09-18 01:00:00,CL7,813,198,1702
7001702,2020-09-12 05:00:00,2020-09-20 18:00:00,37.984,20.57,2020-09-18 02:00:00,CL7,817,197,1702
7001702,2020-09-12 05:00:00,2020-09-20 18:00:00,38.032,20.708,2020-09-18 03:00:00,CL7,820,196,1702
7001702,2020-09-12 05:00:00,2020-09-20 18:00:00,38.097,20.815,2020-09-18 04:00:00,CL7,823,194,1702
7001702,2020-09-12 05:00:00,2020-09-20 18:00:00,38.173,20.88,2020-09-18 05:00:00,CL7,824,192,1702
7001702,2020-09-12 05:00:00,2020-09-20 18:00:00,38.251,20.906,2020-09-18 06:00:00,CL7,825,191,1702
7001702,2020-09-12 05:00:00,2020-09-20 18:00:00,38.32,20.901,2020-09-18 07:00:00,CL7,824,189,1702
7001702,2020-09-12 05:00:00,2020-09-20 18:00:00,38.36,20.867,2020-09-18 08:00:00,CL7,823,188,1702
7001702,2020-09-12 05:00:00,2020-09-20 18:00:00,38.356,20.824,2020-09-18 09:00:00,CL7,822,188,1702
7001702,2020-09-12 05:00:00,2020-09-20 18:00:00,38.321,20.796,2020-09-18 10:00:00,CL7,821,189,1702
7001702,2020-09-12 05:00:00,2020-09-20 18:00:00,38.27,20.801,2020-09-18 11:00:00,CL7,822,190,1702
7001702,2020-09-12 05:00:00,2020-09-20 18:00:00,38.21,20.838,2020-09-18 12:00:00,CL7,823,191,1702
7001702,2020-09-12 05:00:00,2020-09-20 18:00:00,38.153,20.895,2020-09-18 13:00:00,CL7,825,193,1702
7001702,2020-09-12 05:00:00,2020-09-20 18:00:00,38.105,20.967,2020-09-18 14:00:00,CL7,827,194,1702
7001702,2020-09-12 05:00:00,2020-09-20 18:00:00,38.061,21.048,2020-09-18 15:00:00,CL7,829,195,1702
7001702,2020-09-12 05:00:00,2020-09-20 18:00:00,38.013,21.122,2020-09-18 16:00:00,CL7,832,197,1702
7001702,2020-09-12 05:00:00,2020-09-20 18:00:00,37.955,21.18,2020-09-18 17:00:00,CL7,834,198,1702
7001702,2020-09-12 05:00:00,2020-09-20 18:00:00,37.891,21.222,2020-09-18 18:00:00,CL7,835,200,1702
7001702,2020-09-12 05:00:00,2020-09-20 18:00:00,37.831,21.255,2020-09-18 19:00:00,CL7,836,201,1702
7001702,2020-09-12 05:00:00,2020-09-20 18:00:00,37.791,21.29,2020-09-18 20:00:00,CL7,837,202,1702
7001702,2020-09-12 05:00:00,2020-09-20 18:00:00,37.762,21.328,2020-09-18 21:00:00,CL7,839,203,1702
7001702,2020-09-12 05:00:00,2020-09-20 18:00:00,37.713,21.375,2020-09-18 22:00:00,CL7,840,204,1702
7001702,2020-09-12 05:00:00,2020-09-20 18:00:00,37.622,21.44,2020-09-18 23:00:00,CL7,842,207,1702
7001702,2020-09-12 05:00:00,2020-09-20 18:00:00,37.498,21.496,2020-09-19 00:00:00,CL7,845,210,1702
7001702,2020-09-12 05:00:00,2020-09-20 18:00:00,37.364,21.505,2020-09-19 01:00:00,CL7,846,214,1702
7001702,2020-09-12 05:00:00,2020-09-20 18:00:00,37.228,21.482,2020-09-19 02:00:00,CL7,846,217,1702
7001702,2020-09-12 05:00:00,2020-09-20 18:00:00,37.086,21.456,2020-09-19 03:00:00,CL7,846,221,1702
7001702,2020-09-12 05:00:00,2020-09-20 18:00:00,36.945,21.434,2020-09-19 04:00:00,CL7,846,224,1702
7001702,2020-09-12 05:00:00,2020-09-20 18:00:00,36.807,21.418,2020-09-19 05:00:00,CL7,846,228,1702
7001702,2020-09-12 05:00:00,2020-09-20 18:00:00,36.664,21.414,2020-09-19 06:00:00,CL7,847,232,1702
7001702,2020-09-12 05:00:00,2020-09-20 18:00:00,36.513,21.44,2020-09-19 07:00:00,CL7,848,236,1702
7001702,2020-09-12 05:00:00,2020-09-20 18:00:00,36.348,21.511,2020-09-19 08:00:00,CL7,851,240,1702
7001702,2020-09-12 05:00:00,2020-09-20 18:00:00,36.169,21.621,2020-09-19 09:00:00,CL7,855,245,1702
7001702,2020-09-12 05:00:00,2020-09-20 18:00:00,35.996,21.746,2020-09-19 10:00:00,CL7,859,249,1702
7001702,2020-09-12 05:00:00,2020-09-20 18:00:00,35.834,21.865,2020-09-19 11:00:00,CL7,863,254,1702
7001702,2020-09-12 05:00:00,2020-09-20 18:00:00,35.68,21.972,2020-09-19 12:00:00,CL7,867,258,1702
7001702,2020-09-12 05:00:00,2020-09-20 18:00:00,35.524,22.074,2020-09-19 13:00:00,CL7,871,262,1702
7001702,2020-09-12 05:00:00,2020-09-20 18:00:00,35.356,22.18,2020-09-19 14:00:00,CL7,875,267,1702
7001702,2020-09-12 05:00:00,2020-09-20 18:00:00,35.185,22.286,2020-09-19 15:00:00,CL7,878,271,1702
7001702,2020-09-12 05:00:00,2020-09-20 18:00:00,35.014,22.39,2020-09-19 16:00:00,CL7,882,276,1702
7001702,2020-09-12 05:00:00,2020-09-20 18:00:00,34.84,22.483,2020-09-19 17:00:00,CL7,886,281,1702
7001702,2020-09-12 05:00:00,2020-09-20 18:00:00,34.665,22.577,2020-09-19 18:00:00,CL7,890,286,1702
7001702,2020-09-12 05:00:00,2020-09-20 18:00:00,34.507,22.7,2020-09-19 19:00:00,CL7,894,290,1702
7001702,2020-09-12 05:00:00,2020-09-20 18:00:00,34.387,22.874,2020-09-19 20:00:00,CL7,899,293,1702
7001702,2020-09-12 05:00:00,2020-09-20 18:00:00,34.293,23.081,2020-09-19 21:00:00,CL7,906,296,1702
7001702,2020-09-12 05:00:00,2020-09-20 18:00:00,34.201,23.281,2020-09-19 22:00:00,CL7,912,299,1702
7001702,2020-09-12 05:00:00,2020-09-20 18:00:00,34.104,23.462,2020-09-19 23:00:00,CL7,918,302,1702
7001702,2020-09-12 05:00:00,2020-09-20 18:00:00,34.005,23.635,2020-09-20 00:00:00,CL7,923,304,1702
7001702,2020-09-12 05:00:00,2020-09-20 18:00:00,33.912,23.798,2020-09-20 01:00:00,CL7,928,307,1702
7001702,2020-09-12 05:00:00,2020-09-20 18:00:00,33.832,23.943,2020-09-20 02:00:00,CL7,933,309,1702
7001702,2020-09-12 05:00:00,2020-09-20 18:00:00,33.772,24.072,2020-09-20 03:00:00,CL7,937,311,1702
7001702,2020-09-12 05:00:00,2020-09-20 18:00:00,33.728,24.184,2020-09-20 04:00:00,CL7,940,312,1702
7001702,2020-09-12 05:00:00,2020-09-20 18:00:00,33.689,24.292,2020-09-20 05:00:00,CL7,944,314,1702
7001702,2020-09-12 05:00:00,2020-09-20 18:00:00,33.649,24.408,2020-09-20 06:00:00,CL7,947,315,1702
7001702,2020-09-12 05:00:00,2020-09-20 18:00:00,33.597,24.525,2020-09-20 07:00:00,CL7,951,316,1702
7001702,2020-09-12 05:00:00,2020-09-20 18:00:00,33.51,24.637,2020-09-20 08:00:00,CL7,955,319,1702
7001702,2020-09-12 05:00:00,2020-09-20 18:00:00,33.393,24.758,2020-09-20 09:00:00,CL7,959,322,1702
7001702,2020-09-12 05:00:00,2020-09-20 18:00:00,33.27,24.895,2020-09-20 10:00:00,CL7,963,326,1702
7001702,2020-09-12 05:00:00,2020-09-20 18:00:00,33.161,25.038,2020-09-20 11:00:00,CL7,968,329,1702
7001702,2020-09-12 05:00:00,2020-09-20 18:00:00,33.072,25.177,2020-09-20 12:00:00,CL7,973,332,1702
7001702,2020-09-12 05:00:00,2020-09-20 18:00:00,32.988,25.313,2020-09-20 13:00:00,CL7,977,334,1702
7001702,2020-09-12 05:00:00,2020-09-20 18:00:00,32.895,25.446,2020-09-20 14:00:00,CL7,982,337,1702
7001702,2020-09-12 05:00:00,2020-09-20 18:00:00,32.793,25.575,2020-09-20 15:00:00,CL7,986,340,1702
7001702,2020-09-12 05:00:00,2020-09-20 18:00:00,32.686,25.708,2020-09-20 16:00:00,CL7,990,343,1702
7001702,2020-09-12 05:00:00,2020-09-20 18:00:00,32.586,25.851,2020-09-20 17:00:00,CL7,995,346,1702
7001702,2020-09-12 05:00:00,2020-09-20 18:00:00,32.49,26.0,2020-09-20 18:00:00,CL7,1000,349,1702
