time,start_time,end_time,lon,lat,name
2021-10-24 16:00:00,2021-10-24 16:00:00,2021-10-31 21:00:00,14.0,34.5,Apollo
2021-10-24 17:00:00,2021-10-24 16:00:00,2021-10-31 21:00:00,14.0,36.0,Apollo
2021-10-24 18:00:00,2021-10-24 16:00:00,2021-10-31 21:00:00,14.25,36.5,Apollo
2021-10-24 19:00:00,2021-10-24 16:00:00,2021-10-31 21:00:00,14.25,36.75,Apollo
2021-10-24 20:00:00,2021-10-24 16:00:00,2021-10-31 21:00:00,13.0,37.5,Apollo
2021-10-24 21:00:00,2021-10-24 16:00:00,2021-10-31 21:00:00,11.75,37.25,Apollo
2021-10-24 22:00:00,2021-10-24 16:00:00,2021-10-31 21:00:00,11.0,36.75,Apollo
2021-10-24 23:00:00,2021-10-24 16:00:00,2021-10-31 21:00:00,11.0,36.5,Apollo
2021-10-25 00:00:00,2021-10-24 16:00:00,2021-10-31 21:00:00,11.25,36.5,Apollo
2021-10-25 01:00:00,2021-10-24 16:00:00,2021-10-31 21:00:00,11.5,36.5,Apollo
2021-10-25 02:00:00,2021-10-24 16:00:00,2021-10-31 21:00:00,11.5,36.25,Apollo
2021-10-25 03:00:00,2021-10-24 16:00:00,2021-10-31 21:00:00,12.0,36.25,Apollo
2021-10-25 04:00:00,2021-10-24 16:00:00,2021-10-31 21:00:00,12.0,36.0,Apollo
2021-10-25 05:00:00,2021-10-24 16:00:00,2021-10-31 21:00:00,12.0,36.0,Apollo
2021-10-25 06:00:00,2021-10-24 16:00:00,2021-10-31 21:00:00,12.25,36.0,Apollo
2021-10-25 07:00:00,2021-10-24 16:00:00,2021-10-31 21:00:00,12.25,36.0,Apollo
2021-10-25 08:00:00,2021-10-24 16:00:00,2021-10-31 21:00:00,12.5,35.75,Apollo
2021-10-25 09:00:00,2021-10-24 16:00:00,2021-10-31 21:00:00,12.75,35.5,Apollo
2021-10-25 10:00:00,2021-10-24 16:00:00,2021-10-31 21:00:00,12.75,35.5,Apollo
2021-10-25 11:00:00,2021-10-24 16:00:00,2021-10-31 21:00:00,13.0,35.25,Apollo
2021-10-25 12:00:00,2021-10-24 16:00:00,2021-10-31 21:00:00,13.0,35.25,Apollo
2021-10-25 13:00:00,2021-10-24 16:00:00,2021-10-31 21:00:00,13.0,35.25,Apollo
2021-10-25 14:00:00,2021-10-24 16:00:00,2021-10-31 21:00:00,13.25,35.25,Apollo
2021-10-25 15:00:00,2021-10-24 16:00:00,2021-10-31 21:00:00,13.25,35.25,Apollo
2021-10-25 16:00:00,2021-10-24 16:00:00,2021-10-31 21:00:00,13.5,35.0,Apollo
2021-10-25 17:00:00,2021-10-24 16:00:00,2021-10-31 21:00:00,13.75,35.0,Apollo
2021-10-25 18:00:00,2021-10-24 16:00:00,2021-10-31 21:00:00,14.0,35.25,Apollo
2021-10-25 19:00:00,2021-10-24 16:00:00,2021-10-31 21:00:00,14.25,35.0,Apollo
2021-10-25 20:00:00,2021-10-24 16:00:00,2021-10-31 21:00:00,14.5,35.0,Apollo
2021-10-25 21:00:00,2021-10-24 16:00:00,2021-10-31 21:00:00,14.5,35.0,Apollo
2021-10-25 22:00:00,2021-10-24 16:00:00,2021-10-31 21:00:00,14.75,35.0,Apollo
2021-10-25 23:00:00,2021-10-24 16:00:00,2021-10-31 21:00:00,14.75,35.0,Apollo
2021-10-26 00:00:00,2021-10-24 16:00:00,2021-10-31 21:00:00,15.0,34.75,Apollo
2021-10-26 01:00:00,2021-10-24 16:00:00,2021-10-31 21:00:00,15.0,34.75,Apollo
2021-10-26 02:00:00,2021-10-24 16:00:00,2021-10-31 21:00:00,15.0,34.75,Apollo
2021-10-26 03:00:00,2021-10-24 16:00:00,2021-10-31 21:00:00,15.25,34.75,Apollo
2021-10-26 04:00:00,2021-10-24 16:00:00,2021-10-31 21:00:00,15.5,34.75,Apollo
2021-10-26 05:00:00,2021-10-24 16:00:00,2021-10-31 21:00:00,15.5,34.75,Apollo
2021-10-26 06:00:00,2021-10-24 16:00:00,2021-10-31 21:00:00,15.75,34.75,Apollo
2021-10-26 07:00:00,2021-10-24 16:00:00,2021-10-31 21:00:00,16.0,34.75,Apollo
2021-10-26 08:00:00,2021-10-24 16:00:00,2021-10-31 21:00:00,16.0,34.75,Apollo
2021-10-26 09:00:00,2021-10-24 16:00:00,2021-10-31 21:00:00,16.0,34.75,Apollo
2021-10-26 10:00:00,2021-10-24 16:00:00,2021-10-31 21:00:00,16.25,34.75,Apollo
2021-10-26 11:00:00,2021-10-24 16:00:00,2021-10-31 21:00:00,16.25,34.75,Apollo
2021-10-26 12:00:00,2021-10-24 16:00:00,2021-10-31 21:00:00,16.25,34.75,Apollo
2021-10-26 13:00:00,2021-10-24 16:00:00,2021-10-31 21:00:00,16.5,34.5,Apollo
2021-10-26 14:00:00,2021-10-24 16:00:00,2021-10-31 21:00:00,16.75,34.5,Apollo
2021-10-26 15:00:00,2021-10-24 16:00:00,2021-10-31 21:00:00,16.75,34.5,Apollo
2021-10-26 16:00:00,2021-10-24 16:00:00,2021-10-31 21:00:00,17.0,34.5,Apollo
2021-10-26 17:00:00,2021-10-24 16:00:00,2021-10-31 21:00:00,16.75,34.75,Apollo
2021-10-26 18:00:00,2021-10-24 16:00:00,2021-10-31 21:00:00,17.0,34.75,Apollo
2021-10-26 19:00:00,2021-10-24 16:00:00,2021-10-31 21:00:00,17.0,34.75,Apollo
2021-10-26 20:00:00,2021-10-24 16:00:00,2021-10-31 21:00:00,17.0,34.75,Apollo
2021-10-26 21:00:00,2021-10-24 16:00:00,2021-10-31 21:00:00,17.0,34.75,Apollo
2021-10-26 22:00:00,2021-10-24 16:00:00,2021-10-31 21:00:00,17.25,34.5,Apollo
2021-10-26 23:00:00,2021-10-24 16:00:00,2021-10-31 21:00:00,17.5,34.5,Apollo
2021-10-27 00:00:00,2021-10-24 16:00:00,2021-10-31 21:00:00,17.75,34.25,Apollo
2021-10-27 01:00:00,2021-10-24 16:00:00,2021-10-31 21:00:00,17.75,34.25,Apollo
2021-10-27 02:00:00,2021-10-24 16:00:00,2021-10-31 21:00:00,17.75,34.25,Apollo
2021-10-27 03:00:00,2021-10-24 16:00:00,2021-10-31 21:00:00,17.75,34.25,Apollo
2021-10-27 04:00:00,2021-10-24 16:00:00,2021-10-31 21:00:00,17.75,34.25,Apollo
2021-10-27 05:00:00,2021-10-24 16:00:00,2021-10-31 21:00:00,17.75,34.25,Apollo
2021-10-27 06:00:00,2021-10-24 16:00:00,2021-10-31 21:00:00,17.5,34.25,Apollo
2021-10-27 07:00:00,2021-10-24 16:00:00,2021-10-31 21:00:00,17.5,34.5,Apollo
2021-10-27 08:00:00,2021-10-24 16:00:00,2021-10-31 21:00:00,17.25,34.25,Apollo
2021-10-27 09:00:00,2021-10-24 16:00:00,2021-10-31 21:00:00,17.0,34.25,Apollo
2021-10-27 10:00:00,2021-10-24 16:00:00,2021-10-31 21:00:00,18.25,33.75,Apollo
2021-10-27 11:00:00,2021-10-24 16:00:00,2021-10-31 21:00:00,18.25,33.5,Apollo
2021-10-27 12:00:00,2021-10-24 16:00:00,2021-10-31 21:00:00,18.25,33.75,Apollo
2021-10-27 13:00:00,2021-10-24 16:00:00,2021-10-31 21:00:00,18.25,33.75,Apollo
2021-10-27 14:00:00,2021-10-24 16:00:00,2021-10-31 21:00:00,18.0,33.75,Apollo
2021-10-27 15:00:00,2021-10-24 16:00:00,2021-10-31 21:00:00,18.0,33.75,Apollo
2021-10-27 16:00:00,2021-10-24 16:00:00,2021-10-31 21:00:00,18.0,33.5,Apollo
2021-10-27 17:00:00,2021-10-24 16:00:00,2021-10-31 21:00:00,17.75,33.5,Apollo
2021-10-27 18:00:00,2021-10-24 16:00:00,2021-10-31 21:00:00,17.5,33.75,Apollo
2021-10-27 19:00:00,2021-10-24 16:00:00,2021-10-31 21:00:00,17.25,33.5,Apollo
2021-10-27 20:00:00,2021-10-24 16:00:00,2021-10-31 21:00:00,17.75,33.75,Apollo
2021-10-27 21:00:00,2021-10-24 16:00:00,2021-10-31 21:00:00,18.0,33.75,Apollo
2021-10-27 22:00:00,2021-10-24 16:00:00,2021-10-31 21:00:00,17.75,34.0,Apollo
2021-10-27 23:00:00,2021-10-24 16:00:00,2021-10-31 21:00:00,17.25,34.25,Apollo
2021-10-28 00:00:00,2021-10-24 16:00:00,2021-10-31 21:00:00,17.25,34.0,Apollo
2021-10-28 01:00:00,2021-10-24 16:00:00,2021-10-31 21:00:00,17.75,33.75,Apollo
2021-10-28 02:00:00,2021-10-24 16:00:00,2021-10-31 21:00:00,17.0,33.5,Apollo
2021-10-28 03:00:00,2021-10-24 16:00:00,2021-10-31 21:00:00,16.5,34.5,Apollo
2021-10-28 04:00:00,2021-10-24 16:00:00,2021-10-31 21:00:00,16.25,34.75,Apollo
2021-10-28 05:00:00,2021-10-24 16:00:00,2021-10-31 21:00:00,16.0,34.75,Apollo
2021-10-28 06:00:00,2021-10-24 16:00:00,2021-10-31 21:00:00,16.0,34.75,Apollo
2021-10-28 07:00:00,2021-10-24 16:00:00,2021-10-31 21:00:00,15.5,35.0,Apollo
2021-10-28 08:00:00,2021-10-24 16:00:00,2021-10-31 21:00:00,15.5,35.0,Apollo
2021-10-28 09:00:00,2021-10-24 16:00:00,2021-10-31 21:00:00,15.5,35.0,Apollo
2021-10-28 10:00:00,2021-10-24 16:00:00,2021-10-31 21:00:00,15.5,35.0,Apollo
2021-10-28 11:00:00,2021-10-24 16:00:00,2021-10-31 21:00:00,15.5,35.0,Apollo
2021-10-28 12:00:00,2021-10-24 16:00:00,2021-10-31 21:00:00,16.0,35.5,Apollo
2021-10-28 13:00:00,2021-10-24 16:00:00,2021-10-31 21:00:00,16.0,35.5,Apollo
2021-10-28 14:00:00,2021-10-24 16:00:00,2021-10-31 21:00:00,16.0,35.25,Apollo
2021-10-28 15:00:00,2021-10-24 16:00:00,2021-10-31 21:00:00,16.0,35.25,Apollo
2021-10-28 16:00:00,2021-10-24 16:00:00,2021-10-31 21:00:00,16.0,35.25,Apollo
2021-10-28 17:00:00,2021-10-24 16:00:00,2021-10-31 21:00:00,16.0,35.25,Apollo
2021-10-28 18:00:00,2021-10-24 16:00:00,2021-10-31 21:00:00,16.25,35.25,Apollo
2021-10-28 19:00:00,2021-10-24 16:00:00,2021-10-31 21:00:00,16.0,35.25,Apollo
2021-10-28 20:00:00,2021-10-24 16:00:00,2021-10-31 21:00:00,16.0,35.5,Apollo
2021-10-28 21:00:00,2021-10-24 16:00:00,2021-10-31 21:00:00,16.0,35.5,Apollo
2021-10-28 22:00:00,2021-10-24 16:00:00,2021-10-31 21:00:00,16.5,35.75,Apollo
2021-10-28 23:00:00,2021-10-24 16:00:00,2021-10-31 21:00:00,16.5,35.75,Apollo
2021-10-29 00:00:00,2021-10-24 16:00:00,2021-10-31 21:00:00,16.5,36.0,Apollo
2021-10-29 01:00:00,2021-10-24 16:00:00,2021-10-31 21:00:00,16.25,36.0,Apollo
2021-10-29 02:00:00,2021-10-24 16:00:00,2021-10-31 21:00:00,16.25,36.0,Apollo
2021-10-29 03:00:00,2021-10-24 16:00:00,2021-10-31 21:00:00,16.25,36.0,Apollo
2021-10-29 04:00:00,2021-10-24 16:00:00,2021-10-31 21:00:00,16.25,36.25,Apollo
2021-10-29 05:00:00,2021-10-24 16:00:00,2021-10-31 21:00:00,16.25,36.25,Apollo
2021-10-29 06:00:00,2021-10-24 16:00:00,2021-10-31 21:00:00,16.25,36.25,Apollo
2021-10-29 07:00:00,2021-10-24 16:00:00,2021-10-31 21:00:00,16.25,36.5,Apollo
2021-10-29 08:00:00,2021-10-24 16:00:00,2021-10-31 21:00:00,16.25,36.5,Apollo
2021-10-29 09:00:00,2021-10-24 16:00:00,2021-10-31 21:00:00,16.0,36.5,Apollo
2021-10-29 10:00:00,2021-10-24 16:00:00,2021-10-31 21:00:00,16.0,36.5,Apollo
2021-10-29 11:00:00,2021-10-24 16:00:00,2021-10-31 21:00:00,16.0,36.5,Apollo
2021-10-29 12:00:00,2021-10-24 16:00:00,2021-10-31 21:00:00,16.0,36.5,Apollo
2021-10-29 13:00:00,2021-10-24 16:00:00,2021-10-31 21:00:00,16.0,36.5,Apollo
2021-10-29 14:00:00,2021-10-24 16:00:00,2021-10-31 21:00:00,16.0,36.5,Apollo
2021-10-29 15:00:00,2021-10-24 16:00:00,2021-10-31 21:00:00,16.25,36.5,Apollo
2021-10-29 16:00:00,2021-10-24 16:00:00,2021-10-31 21:00:00,16.25,36.5,Apollo
2021-10-29 17:00:00,2021-10-24 16:00:00,2021-10-31 21:00:00,16.25,36.5,Apollo
2021-10-29 18:00:00,2021-10-24 16:00:00,2021-10-31 21:00:00,16.25,36.5,Apollo
2021-10-29 19:00:00,2021-10-24 16:00:00,2021-10-31 21:00:00,16.25,36.5,Apollo
2021-10-29 20:00:00,2021-10-24 16:00:00,2021-10-31 21:00:00,16.25,36.5,Apollo
2021-10-29 21:00:00,2021-10-24 16:00:00,2021-10-31 21:00:00,16.25,36.5,Apollo
2021-10-29 22:00:00,2021-10-24 16:00:00,2021-10-31 21:00:00,16.5,36.5,Apollo
2021-10-29 23:00:00,2021-10-24 16:00:00,2021-10-31 21:00:00,16.5,36.5,Apollo
2021-10-30 00:00:00,2021-10-24 16:00:00,2021-10-31 21:00:00,16.5,36.25,Apollo
2021-10-30 01:00:00,2021-10-24 16:00:00,2021-10-31 21:00:00,16.5,36.25,Apollo
2021-10-30 02:00:00,2021-10-24 16:00:00,2021-10-31 21:00:00,16.5,36.25,Apollo
2021-10-30 03:00:00,2021-10-24 16:00:00,2021-10-31 21:00:00,16.5,36.25,Apollo
2021-10-30 04:00:00,2021-10-24 16:00:00,2021-10-31 21:00:00,16.5,36.0,Apollo
2021-10-30 05:00:00,2021-10-24 16:00:00,2021-10-31 21:00:00,16.75,36.0,Apollo
2021-10-30 06:00:00,2021-10-24 16:00:00,2021-10-31 21:00:00,16.75,35.75,Apollo
2021-10-30 07:00:00,2021-10-24 16:00:00,2021-10-31 21:00:00,16.75,35.75,Apollo
2021-10-30 08:00:00,2021-10-24 16:00:00,2021-10-31 21:00:00,17.0,35.5,Apollo
2021-10-30 09:00:00,2021-10-24 16:00:00,2021-10-31 21:00:00,17.0,35.5,Apollo
2021-10-30 10:00:00,2021-10-24 16:00:00,2021-10-31 21:00:00,17.25,35.25,Apollo
2021-10-30 11:00:00,2021-10-24 16:00:00,2021-10-31 21:00:00,17.25,35.25,Apollo
2021-10-30 12:00:00,2021-10-24 16:00:00,2021-10-31 21:00:00,17.5,35.0,Apollo
2021-10-30 13:00:00,2021-10-24 16:00:00,2021-10-31 21:00:00,17.5,35.0,Apollo
2021-10-30 14:00:00,2021-10-24 16:00:00,2021-10-31 21:00:00,17.75,34.75,Apollo
2021-10-30 15:00:00,2021-10-24 16:00:00,2021-10-31 21:00:00,18.0,34.75,Apollo
2021-10-30 16:00:00,2021-10-24 16:00:00,2021-10-31 21:00:00,18.0,34.5,Apollo
2021-10-30 17:00:00,2021-10-24 16:00:00,2021-10-31 21:00:00,18.25,34.5,Apollo
2021-10-30 18:00:00,2021-10-24 16:00:00,2021-10-31 21:00:00,18.5,34.25,Apollo
2021-10-30 19:00:00,2021-10-24 16:00:00,2021-10-31 21:00:00,18.75,34.25,Apollo
2021-10-30 20:00:00,2021-10-24 16:00:00,2021-10-31 21:00:00,18.75,34.0,Apollo
2021-10-30 21:00:00,2021-10-24 16:00:00,2021-10-31 21:00:00,19.0,34.0,Apollo
2021-10-30 22:00:00,2021-10-24 16:00:00,2021-10-31 21:00:00,19.5,33.75,Apollo
2021-10-30 23:00:00,2021-10-24 16:00:00,2021-10-31 21:00:00,19.75,33.75,Apollo
2021-10-31 00:00:00,2021-10-24 16:00:00,2021-10-31 21:00:00,20.0,33.5,Apollo
2021-10-31 01:00:00,2021-10-24 16:00:00,2021-10-31 21:00:00,20.0,33.5,Apollo
2021-10-31 02:00:00,2021-10-24 16:00:00,2021-10-31 21:00:00,20.5,33.5,Apollo
2021-10-31 03:00:00,2021-10-24 16:00:00,2021-10-31 21:00:00,20.5,33.5,Apollo
2021-10-31 04:00:00,2021-10-24 16:00:00,2021-10-31 21:00:00,20.75,33.5,Apollo
2021-10-31 05:00:00,2021-10-24 16:00:00,2021-10-31 21:00:00,21.0,33.5,Apollo
2021-10-31 06:00:00,2021-10-24 16:00:00,2021-10-31 21:00:00,21.25,33.5,Apollo
2021-10-31 07:00:00,2021-10-24 16:00:00,2021-10-31 21:00:00,21.5,33.25,Apollo
2021-10-31 08:00:00,2021-10-24 16:00:00,2021-10-31 21:00:00,21.5,33.25,Apollo
2021-10-31 09:00:00,2021-10-24 16:00:00,2021-10-31 21:00:00,21.75,33.25,Apollo
2021-10-31 10:00:00,2021-10-24 16:00:00,2021-10-31 21:00:00,22.25,33.25,Apollo
2021-10-31 11:00:00,2021-10-24 16:00:00,2021-10-31 21:00:00,22.75,33.25,Apollo
2021-10-31 12:00:00,2021-10-24 16:00:00,2021-10-31 21:00:00,23.0,33.25,Apollo
2021-10-31 13:00:00,2021-10-24 16:00:00,2021-10-31 21:00:00,23.25,33.25,Apollo
2021-10-31 14:00:00,2021-10-24 16:00:00,2021-10-31 21:00:00,23.5,33.25,Apollo
2021-10-31 15:00:00,2021-10-24 16:00:00,2021-10-31 21:00:00,23.75,33.25,Apollo
2021-10-31 16:00:00,2021-10-24 16:00:00,2021-10-31 21:00:00,24.0,33.25,Apollo
2021-10-31 17:00:00,2021-10-24 16:00:00,2021-10-31 21:00:00,24.0,33.25,Apollo
2021-10-31 18:00:00,2021-10-24 16:00:00,2021-10-31 21:00:00,24.25,33.25,Apollo
2021-10-31 19:00:00,2021-10-24 16:00:00,2021-10-31 21:00:00,24.5,33.25,Apollo
2021-10-31 20:00:00,2021-10-24 16:00:00,2021-10-31 21:00:00,25.0,33.5,Apollo
2021-10-31 21:00:00,2021-10-24 16:00:00,2021-10-31 21:00:00,25.0,33.5,Apollo
2021-11-07 17:00:00,2021-11-07 17:00:00,2021-11-14 18:00:00,7.0,40.75,Blas
2021-11-07 18:00:00,2021-11-07 17:00:00,2021-11-14 18:00:00,7.0,40.75,Blas
2021-11-07 19:00:00,2021-11-07 17:00:00,2021-11-14 18:00:00,7.0,40.25,Blas
2021-11-07 20:00:00,2021-11-07 17:00:00,2021-11-14 18:00:00,6.75,40.5,Blas
2021-11-07 21:00:00,2021-11-07 17:00:00,2021-11-14 18:00:00,7.0,40.25,Blas
2021-11-07 22:00:00,2021-11-07 17:00:00,2021-11-14 18:00:00,6.75,40.5,Blas
2021-11-07 23:00:00,2021-11-07 17:00:00,2021-11-14 18:00:00,7.0,40.25,Blas
2021-11-08 00:00:00,2021-11-07 17:00:00,2021-11-14 18:00:00,7.0,40.25,Blas
2021-11-08 01:00:00,2021-11-07 17:00:00,2021-11-14 18:00:00,7.0,40.25,Blas
2021-11-08 02:00:00,2021-11-07 17:00:00,2021-11-14 18:00:00,7.0,40.25,Blas
2021-11-08 03:00:00,2021-11-07 17:00:00,2021-11-14 18:00:00,7.0,40.25,Blas
2021-11-08 04:00:00,2021-11-07 17:00:00,2021-11-14 18:00:00,7.0,40.0,Blas
2021-11-08 05:00:00,2021-11-07 17:00:00,2021-11-14 18:00:00,7.0,39.75,Blas
2021-11-08 06:00:00,2021-11-07 17:00:00,2021-11-14 18:00:00,7.0,39.75,Blas
2021-11-08 07:00:00,2021-11-07 17:00:00,2021-11-14 18:00:00,6.75,39.75,Blas
2021-11-08 08:00:00,2021-11-07 17:00:00,2021-11-14 18:00:00,6.75,39.75,Blas
2021-11-08 09:00:00,2021-11-07 17:00:00,2021-11-14 18:00:00,6.75,39.75,Blas
2021-11-08 10:00:00,2021-11-07 17:00:00,2021-11-14 18:00:00,6.75,39.5,Blas
2021-11-08 11:00:00,2021-11-07 17:00:00,2021-11-14 18:00:00,7.0,39.25,Blas
2021-11-08 12:00:00,2021-11-07 17:00:00,2021-11-14 18:00:00,7.0,39.0,Blas
2021-11-08 13:00:00,2021-11-07 17:00:00,2021-11-14 18:00:00,7.0,39.25,Blas
2021-11-08 14:00:00,2021-11-07 17:00:00,2021-11-14 18:00:00,7.0,39.0,Blas
2021-11-08 15:00:00,2021-11-07 17:00:00,2021-11-14 18:00:00,7.5,38.75,Blas
2021-11-08 16:00:00,2021-11-07 17:00:00,2021-11-14 18:00:00,7.0,38.75,Blas
2021-11-08 17:00:00,2021-11-07 17:00:00,2021-11-14 18:00:00,7.0,38.75,Blas
2021-11-08 18:00:00,2021-11-07 17:00:00,2021-11-14 18:00:00,7.0,38.75,Blas
2021-11-08 19:00:00,2021-11-07 17:00:00,2021-11-14 18:00:00,7.0,38.5,Blas
2021-11-08 20:00:00,2021-11-07 17:00:00,2021-11-14 18:00:00,7.0,38.5,Blas
2021-11-08 21:00:00,2021-11-07 17:00:00,2021-11-14 18:00:00,7.0,38.5,Blas
2021-11-08 22:00:00,2021-11-07 17:00:00,2021-11-14 18:00:00,7.25,38.5,Blas
2021-11-08 23:00:00,2021-11-07 17:00:00,2021-11-14 18:00:00,7.25,38.5,Blas
2021-11-09 00:00:00,2021-11-07 17:00:00,2021-11-14 18:00:00,7.25,38.5,Blas
2021-11-09 01:00:00,2021-11-07 17:00:00,2021-11-14 18:00:00,7.25,38.5,Blas
2021-11-09 02:00:00,2021-11-07 17:00:00,2021-11-14 18:00:00,7.25,38.5,Blas
2021-11-09 03:00:00,2021-11-07 17:00:00,2021-11-14 18:00:00,7.25,38.5,Blas
2021-11-09 04:00:00,2021-11-07 17:00:00,2021-11-14 18:00:00,7.25,38.5,Blas
2021-11-09 05:00:00,2021-11-07 17:00:00,2021-11-14 18:00:00,7.25,38.5,Blas
2021-11-09 06:00:00,2021-11-07 17:00:00,2021-11-14 18:00:00,7.0,38.5,Blas
2021-11-09 07:00:00,2021-11-07 17:00:00,2021-11-14 18:00:00,7.0,38.5,Blas
2021-11-09 08:00:00,2021-11-07 17:00:00,2021-11-14 18:00:00,6.5,38.5,Blas
2021-11-09 09:00:00,2021-11-07 17:00:00,2021-11-14 18:00:00,6.5,38.5,Blas
2021-11-09 10:00:00,2021-11-07 17:00:00,2021-11-14 18:00:00,5.75,38.25,Blas
2021-11-09 11:00:00,2021-11-07 17:00:00,2021-11-14 18:00:00,5.75,37.75,Blas
2021-11-09 12:00:00,2021-11-07 17:00:00,2021-11-14 18:00:00,5.5,37.5,Blas
2021-11-09 13:00:00,2021-11-07 17:00:00,2021-11-14 18:00:00,5.5,37.5,Blas
2021-11-09 14:00:00,2021-11-07 17:00:00,2021-11-14 18:00:00,5.5,37.75,Blas
2021-11-09 15:00:00,2021-11-07 17:00:00,2021-11-14 18:00:00,5.0,39.0,Blas
2021-11-09 16:00:00,2021-11-07 17:00:00,2021-11-14 18:00:00,4.5,39.0,Blas
2021-11-09 17:00:00,2021-11-07 17:00:00,2021-11-14 18:00:00,4.25,38.75,Blas
2021-11-09 18:00:00,2021-11-07 17:00:00,2021-11-14 18:00:00,4.0,38.5,Blas
2021-11-09 19:00:00,2021-11-07 17:00:00,2021-11-14 18:00:00,3.75,38.5,Blas
2021-11-09 20:00:00,2021-11-07 17:00:00,2021-11-14 18:00:00,3.5,38.25,Blas
2021-11-09 21:00:00,2021-11-07 17:00:00,2021-11-14 18:00:00,3.75,38.0,Blas
2021-11-09 22:00:00,2021-11-07 17:00:00,2021-11-14 18:00:00,4.25,38.25,Blas
2021-11-09 23:00:00,2021-11-07 17:00:00,2021-11-14 18:00:00,3.75,38.0,Blas
2021-11-10 00:00:00,2021-11-07 17:00:00,2021-11-14 18:00:00,4.0,38.0,Blas
2021-11-10 01:00:00,2021-11-07 17:00:00,2021-11-14 18:00:00,4.0,38.0,Blas
2021-11-10 02:00:00,2021-11-07 17:00:00,2021-11-14 18:00:00,3.5,38.0,Blas
2021-11-10 03:00:00,2021-11-07 17:00:00,2021-11-14 18:00:00,4.0,38.25,Blas
2021-11-10 04:00:00,2021-11-07 17:00:00,2021-11-14 18:00:00,4.0,38.0,Blas
2021-11-10 05:00:00,2021-11-07 17:00:00,2021-11-14 18:00:00,4.0,38.0,Blas
2021-11-10 06:00:00,2021-11-07 17:00:00,2021-11-14 18:00:00,4.0,38.0,Blas
2021-11-10 07:00:00,2021-11-07 17:00:00,2021-11-14 18:00:00,4.0,38.0,Blas
2021-11-10 08:00:00,2021-11-07 17:00:00,2021-11-14 18:00:00,4.25,38.0,Blas
2021-11-10 09:00:00,2021-11-07 17:00:00,2021-11-14 18:00:00,4.5,38.25,Blas
2021-11-10 10:00:00,2021-11-07 17:00:00,2021-11-14 18:00:00,5.25,38.5,Blas
2021-11-10 11:00:00,2021-11-07 17:00:00,2021-11-14 18:00:00,5.5,38.5,Blas
2021-11-10 12:00:00,2021-11-07 17:00:00,2021-11-14 18:00:00,5.5,38.75,Blas
2021-11-10 13:00:00,2021-11-07 17:00:00,2021-11-14 18:00:00,5.25,38.75,Blas
2021-11-10 14:00:00,2021-11-07 17:00:00,2021-11-14 18:00:00,5.5,39.0,Blas
2021-11-10 15:00:00,2021-11-07 17:00:00,2021-11-14 18:00:00,5.5,39.25,Blas
2021-11-10 16:00:00,2021-11-07 17:00:00,2021-11-14 18:00:00,5.5,39.5,Blas
2021-11-10 17:00:00,2021-11-07 17:00:00,2021-11-14 18:00:00,5.5,39.75,Blas
2021-11-10 18:00:00,2021-11-07 17:00:00,2021-11-14 18:00:00,5.25,39.75,Blas
2021-11-10 19:00:00,2021-11-07 17:00:00,2021-11-14 18:00:00,5.25,40.0,Blas
2021-11-10 20:00:00,2021-11-07 17:00:00,2021-11-14 18:00:00,5.0,40.25,Blas
2021-11-10 21:00:00,2021-11-07 17:00:00,2021-11-14 18:00:00,4.75,40.25,Blas
2021-11-10 22:00:00,2021-11-07 17:00:00,2021-11-14 18:00:00,4.0,40.0,Blas
2021-11-10 23:00:00,2021-11-07 17:00:00,2021-11-14 18:00:00,4.0,40.0,Blas
2021-11-11 00:00:00,2021-11-07 17:00:00,2021-11-14 18:00:00,4.0,40.25,Blas
2021-11-11 01:00:00,2021-11-07 17:00:00,2021-11-14 18:00:00,4.0,40.25,Blas
2021-11-11 02:00:00,2021-11-07 17:00:00,2021-11-14 18:00:00,3.75,40.0,Blas
2021-11-11 03:00:00,2021-11-07 17:00:00,2021-11-14 18:00:00,3.5,40.0,Blas
2021-11-11 04:00:00,2021-11-07 17:00:00,2021-11-14 18:00:00,3.25,40.0,Blas
2021-11-11 05:00:00,2021-11-07 17:00:00,2021-11-14 18:00:00,3.25,40.0,Blas
2021-11-11 06:00:00,2021-11-07 17:00:00,2021-11-14 18:00:00,3.25,40.0,Blas
2021-11-11 07:00:00,2021-11-07 17:00:00,2021-11-14 18:00:00,3.0,40.0,Blas
2021-11-11 08:00:00,2021-11-07 17:00:00,2021-11-14 18:00:00,3.0,40.0,Blas
2021-11-11 09:00:00,2021-11-07 17:00:00,2021-11-14 18:00:00,3.0,40.0,Blas
2021-11-11 10:00:00,2021-11-07 17:00:00,2021-11-14 18:00:00,2.5,40.0,Blas
2021-11-11 11:00:00,2021-11-07 17:00:00,2021-11-14 18:00:00,2.5,40.0,Blas
2021-11-11 12:00:00,2021-11-07 17:00:00,2021-11-14 18:00:00,2.25,39.75,Blas
2021-11-11 13:00:00,2021-11-07 17:00:00,2021-11-14 18:00:00,2.25,39.75,Blas
2021-11-11 14:00:00,2021-11-07 17:00:00,2021-11-14 18:00:00,2.25,39.5,Blas
2021-11-11 15:00:00,2021-11-07 17:00:00,2021-11-14 18:00:00,2.25,39.5,Blas
2021-11-11 16:00:00,2021-11-07 17:00:00,2021-11-14 18:00:00,2.25,39.5,Blas
2021-11-11 17:00:00,2021-11-07 17:00:00,2021-11-14 18:00:00,2.5,39.25,Blas
2021-11-11 18:00:00,2021-11-07 17:00:00,2021-11-14 18:00:00,2.5,39.25,Blas
2021-11-11 19:00:00,2021-11-07 17:00:00,2021-11-14 18:00:00,2.5,39.0,Blas
2021-11-11 20:00:00,2021-11-07 17:00:00,2021-11-14 18:00:00,2.5,39.0,Blas
2021-11-11 21:00:00,2021-11-07 17:00:00,2021-11-14 18:00:00,2.75,39.0,Blas
2021-11-11 22:00:00,2021-11-07 17:00:00,2021-11-14 18:00:00,2.5,39.0,Blas
2021-11-11 23:00:00,2021-11-07 17:00:00,2021-11-14 18:00:00,2.5,38.75,Blas
2021-11-12 00:00:00,2021-11-07 17:00:00,2021-11-14 18:00:00,2.5,38.75,Blas
2021-11-12 01:00:00,2021-11-07 17:00:00,2021-11-14 18:00:00,2.5,38.75,Blas
2021-11-12 02:00:00,2021-11-07 17:00:00,2021-11-14 18:00:00,2.5,38.75,Blas
2021-11-12 03:00:00,2021-11-07 17:00:00,2021-11-14 18:00:00,2.5,38.5,Blas
2021-11-12 04:00:00,2021-11-07 17:00:00,2021-11-14 18:00:00,2.75,38.5,Blas
2021-11-12 05:00:00,2021-11-07 17:00:00,2021-11-14 18:00:00,2.75,38.25,Blas
2021-11-12 06:00:00,2021-11-07 17:00:00,2021-11-14 18:00:00,2.75,38.25,Blas
2021-11-12 07:00:00,2021-11-07 17:00:00,2021-11-14 18:00:00,3.0,38.25,Blas
2021-11-12 08:00:00,2021-11-07 17:00:00,2021-11-14 18:00:00,3.0,38.25,Blas
2021-11-12 09:00:00,2021-11-07 17:00:00,2021-11-14 18:00:00,3.25,38.25,Blas
2021-11-12 10:00:00,2021-11-07 17:00:00,2021-11-14 18:00:00,3.25,38.0,Blas
2021-11-12 11:00:00,2021-11-07 17:00:00,2021-11-14 18:00:00,3.25,38.0,Blas
2021-11-12 12:00:00,2021-11-07 17:00:00,2021-11-14 18:00:00,3.5,38.0,Blas
2021-11-12 13:00:00,2021-11-07 17:00:00,2021-11-14 18:00:00,3.75,38.0,Blas
2021-11-12 14:00:00,2021-11-07 17:00:00,2021-11-14 18:00:00,4.0,38.0,Blas
2021-11-12 15:00:00,2021-11-07 17:00:00,2021-11-14 18:00:00,4.0,38.25,Blas
2021-11-12 16:00:00,2021-11-07 17:00:00,2021-11-14 18:00:00,4.25,38.25,Blas
2021-11-12 17:00:00,2021-11-07 17:00:00,2021-11-14 18:00:00,4.25,38.25,Blas
2021-11-12 18:00:00,2021-11-07 17:00:00,2021-11-14 18:00:00,4.25,38.25,Blas
2021-11-12 19:00:00,2021-11-07 17:00:00,2021-11-14 18:00:00,4.5,38.25,Blas
2021-11-12 20:00:00,2021-11-07 17:00:00,2021-11-14 18:00:00,4.5,38.5,Blas
2021-11-12 21:00:00,2021-11-07 17:00:00,2021-11-14 18:00:00,4.75,38.5,Blas
2021-11-12 22:00:00,2021-11-07 17:00:00,2021-11-14 18:00:00,4.75,38.5,Blas
2021-11-12 23:00:00,2021-11-07 17:00:00,2021-11-14 18:00:00,4.75,38.75,Blas
2021-11-13 00:00:00,2021-11-07 17:00:00,2021-11-14 18:00:00,4.75,38.75,Blas
2021-11-13 01:00:00,2021-11-07 17:00:00,2021-11-14 18:00:00,5.0,38.75,Blas
2021-11-13 02:00:00,2021-11-07 17:00:00,2021-11-14 18:00:00,4.75,38.75,Blas
2021-11-13 03:00:00,2021-11-07 17:00:00,2021-11-14 18:00:00,4.75,38.75,Blas
2021-11-13 04:00:00,2021-11-07 17:00:00,2021-11-14 18:00:00,4.75,38.75,Blas
2021-11-13 05:00:00,2021-11-07 17:00:00,2021-11-14 18:00:00,4.75,38.75,Blas
2021-11-13 06:00:00,2021-11-07 17:00:00,2021-11-14 18:00:00,4.75,38.75,Blas
2021-11-13 07:00:00,2021-11-07 17:00:00,2021-11-14 18:00:00,4.5,38.75,Blas
2021-11-13 08:00:00,2021-11-07 17:00:00,2021-11-14 18:00:00,4.75,38.75,Blas
2021-11-13 09:00:00,2021-11-07 17:00:00,2021-11-14 18:00:00,4.5,39.0,Blas
2021-11-13 10:00:00,2021-11-07 17:00:00,2021-11-14 18:00:00,5.25,38.75,Blas
2021-11-13 11:00:00,2021-11-07 17:00:00,2021-11-14 18:00:00,5.25,38.75,Blas
2021-11-13 12:00:00,2021-11-07 17:00:00,2021-11-14 18:00:00,5.0,38.75,Blas
2021-11-13 13:00:00,2021-11-07 17:00:00,2021-11-14 18:00:00,5.25,39.0,Blas
2021-11-13 14:00:00,2021-11-07 17:00:00,2021-11-14 18:00:00,5.5,39.0,Blas
2021-11-13 15:00:00,2021-11-07 17:00:00,2021-11-14 18:00:00,5.5,38.75,Blas
2021-11-13 16:00:00,2021-11-07 17:00:00,2021-11-14 18:00:00,5.5,38.75,Blas
2021-11-13 17:00:00,2021-11-07 17:00:00,2021-11-14 18:00:00,5.75,39.0,Blas
2021-11-13 18:00:00,2021-11-07 17:00:00,2021-11-14 18:00:00,5.75,39.0,Blas
2021-11-13 19:00:00,2021-11-07 17:00:00,2021-11-14 18:00:00,5.75,39.0,Blas
2021-11-13 20:00:00,2021-11-07 17:00:00,2021-11-14 18:00:00,5.75,39.0,Blas
2021-11-13 21:00:00,2021-11-07 17:00:00,2021-11-14 18:00:00,6.0,39.0,Blas
2021-11-13 22:00:00,2021-11-07 17:00:00,2021-11-14 18:00:00,6.25,38.75,Blas
2021-11-13 23:00:00,2021-11-07 17:00:00,2021-11-14 18:00:00,6.5,38.75,Blas
2021-11-14 00:00:00,2021-11-07 17:00:00,2021-11-14 18:00:00,6.75,38.75,Blas
2021-11-14 01:00:00,2021-11-07 17:00:00,2021-11-14 18:00:00,7.0,39.0,Blas
2021-11-14 02:00:00,2021-11-07 17:00:00,2021-11-14 18:00:00,7.0,38.75,Blas
2021-11-14 03:00:00,2021-11-07 17:00:00,2021-11-14 18:00:00,7.25,38.75,Blas
2021-11-14 04:00:00,2021-11-07 17:00:00,2021-11-14 18:00:00,7.5,38.75,Blas
2021-11-14 05:00:00,2021-11-07 17:00:00,2021-11-14 18:00:00,7.75,39.25,Blas
2021-11-14 06:00:00,2021-11-07 17:00:00,2021-11-14 18:00:00,8.0,39.0,Blas
2021-11-14 07:00:00,2021-11-07 17:00:00,2021-11-14 18:00:00,8.25,39.0,Blas
2021-11-14 08:00:00,2021-11-07 17:00:00,2021-11-14 18:00:00,8.25,38.75,Blas
2021-11-14 09:00:00,2021-11-07 17:00:00,2021-11-14 18:00:00,8.5,38.75,Blas
2021-11-14 10:00:00,2021-11-07 17:00:00,2021-11-14 18:00:00,8.75,38.75,Blas
2021-11-14 11:00:00,2021-11-07 17:00:00,2021-11-14 18:00:00,9.0,38.75,Blas
2021-11-14 12:00:00,2021-11-07 17:00:00,2021-11-14 18:00:00,9.25,38.75,Blas
2021-11-14 13:00:00,2021-11-07 17:00:00,2021-11-14 18:00:00,9.5,38.75,Blas
2021-11-14 14:00:00,2021-11-07 17:00:00,2021-11-14 18:00:00,9.75,40.0,Blas
2021-11-14 15:00:00,2021-11-07 17:00:00,2021-11-14 18:00:00,10.0,39.75,Blas
2021-11-14 16:00:00,2021-11-07 17:00:00,2021-11-14 18:00:00,10.0,39.75,Blas
2021-11-14 17:00:00,2021-11-07 17:00:00,2021-11-14 18:00:00,10.0,39.75,Blas
2021-11-14 18:00:00,2021-11-07 17:00:00,2021-11-14 18:00:00,10.25,39.75,Blas
2023-09-04 20:00:00,2023-09-04 20:00:00,2023-09-12 11:00:00,20.75,37.5,Daniel
2023-09-04 21:00:00,2023-09-04 20:00:00,2023-09-12 11:00:00,20.5,37.5,Daniel
2023-09-04 22:00:00,2023-09-04 20:00:00,2023-09-12 11:00:00,20.5,37.5,Daniel
2023-09-04 23:00:00,2023-09-04 20:00:00,2023-09-12 11:00:00,20.25,37.5,Daniel
2023-09-05 00:00:00,2023-09-04 20:00:00,2023-09-12 11:00:00,20.25,37.5,Daniel
2023-09-05 01:00:00,2023-09-04 20:00:00,2023-09-12 11:00:00,20.25,37.25,Daniel
2023-09-05 02:00:00,2023-09-04 20:00:00,2023-09-12 11:00:00,20.0,37.25,Daniel
2023-09-05 03:00:00,2023-09-04 20:00:00,2023-09-12 11:00:00,20.0,37.0,Daniel
2023-09-05 04:00:00,2023-09-04 20:00:00,2023-09-12 11:00:00,20.0,37.0,Daniel
2023-09-05 05:00:00,2023-09-04 20:00:00,2023-09-12 11:00:00,20.0,36.75,Daniel
2023-09-05 06:00:00,2023-09-04 20:00:00,2023-09-12 11:00:00,19.75,36.75,Daniel
2023-09-05 07:00:00,2023-09-04 20:00:00,2023-09-12 11:00:00,19.75,36.75,Daniel
2023-09-05 08:00:00,2023-09-04 20:00:00,2023-09-12 11:00:00,19.5,36.75,Daniel
2023-09-05 09:00:00,2023-09-04 20:00:00,2023-09-12 11:00:00,19.25,36.5,Daniel
2023-09-05 10:00:00,2023-09-04 20:00:00,2023-09-12 11:00:00,19.25,36.5,Daniel
2023-09-05 11:00:00,2023-09-04 20:00:00,2023-09-12 11:00:00,19.0,36.5,Daniel
2023-09-05 12:00:00,2023-09-04 20:00:00,2023-09-12 11:00:00,19.0,36.25,Daniel
2023-09-05 13:00:00,2023-09-04 20:00:00,2023-09-12 11:00:00,18.75,36.25,Daniel
2023-09-05 14:00:00,2023-09-04 20:00:00,2023-09-12 11:00:00,18.75,36.25,Daniel
2023-09-05 15:00:00,2023-09-04 20:00:00,2023-09-12 11:00:00,18.5,36.0,Daniel
2023-09-05 16:00:00,2023-09-04 20:00:00,2023-09-12 11:00:00,18.5,35.75,Daniel
2023-09-05 17:00:00,2023-09-04 20:00:00,2023-09-12 11:00:00,18.5,35.75,Daniel
2023-09-05 18:00:00,2023-09-04 20:00:00,2023-09-12 11:00:00,18.5,35.75,Daniel
2023-09-05 19:00:00,2023-09-04 20:00:00,2023-09-12 11:00:00,18.25,35.5,Daniel
2023-09-05 20:00:00,2023-09-04 20:00:00,2023-09-12 11:00:00,18.25,35.25,Daniel
2023-09-05 21:00:00,2023-09-04 20:00:00,2023-09-12 11:00:00,18.25,35.25,Daniel
2023-09-05 22:00:00,2023-09-04 20:00:00,2023-09-12 11:00:00,18.25,35.25,Daniel
2023-09-05 23:00:00,2023-09-04 20:00:00,2023-09-12 11:00:00,18.25,35.0,Daniel
2023-09-06 00:00:00,2023-09-04 20:00:00,2023-09-12 11:00:00,18.25,35.0,Daniel
2023-09-06 01:00:00,2023-09-04 20:00:00,2023-09-12 11:00:00,18.5,35.0,Daniel
2023-09-06 02:00:00,2023-09-04 20:00:00,2023-09-12 11:00:00,18.5,35.0,Daniel
2023-09-06 03:00:00,2023-09-04 20:00:00,2023-09-12 11:00:00,18.5,35.0,Daniel
2023-09-06 04:00:00,2023-09-04 20:00:00,2023-09-12 11:00:00,18.5,34.75,Daniel
2023-09-06 05:00:00,2023-09-04 20:00:00,2023-09-12 11:00:00,18.5,34.75,Daniel
2023-09-06 06:00:00,2023-09-04 20:00:00,2023-09-12 11:00:00,18.25,34.75,Daniel
2023-09-06 07:00:00,2023-09-04 20:00:00,2023-09-12 11:00:00,18.25,35.0,Daniel
2023-09-06 08:00:00,2023-09-04 20:00:00,2023-09-12 11:00:00,18.25,34.75,Daniel
2023-09-06 09:00:00,2023-09-04 20:00:00,2023-09-12 11:00:00,18.25,34.75,Daniel
2023-09-06 10:00:00,2023-09-04 20:00:00,2023-09-12 11:00:00,18.0,35.0,Daniel
2023-09-06 11:00:00,2023-09-04 20:00:00,2023-09-12 11:00:00,17.75,35.0,Daniel
2023-09-06 12:00:00,2023-09-04 20:00:00,2023-09-12 11:00:00,18.0,35.0,Daniel
2023-09-06 13:00:00,2023-09-04 20:00:00,2023-09-12 11:00:00,17.75,35.0,Daniel
2023-09-06 14:00:00,2023-09-04 20:00:00,2023-09-12 11:00:00,17.75,35.0,Daniel
2023-09-06 15:00:00,2023-09-04 20:00:00,2023-09-12 11:00:00,17.75,35.0,Daniel
2023-09-06 16:00:00,2023-09-04 20:00:00,2023-09-12 11:00:00,17.75,35.0,Daniel
2023-09-06 17:00:00,2023-09-04 20:00:00,2023-09-12 11:00:00,17.75,34.75,Daniel
2023-09-06 18:00:00,2023-09-04 20:00:00,2023-09-12 11:00:00,17.5,34.75,Daniel
2023-09-06 19:00:00,2023-09-04 20:00:00,2023-09-12 11:00:00,17.5,34.75,Daniel
2023-09-06 20:00:00,2023-09-04 20:00:00,2023-09-12 11:00:00,17.5,34.5,Daniel
2023-09-06 21:00:00,2023-09-04 20:00:00,2023-09-12 11:00:00,17.5,34.5,Daniel
2023-09-06 22:00:00,2023-09-04 20:00:00,2023-09-12 11:00:00,17.5,34.25,Daniel
2023-09-06 23:00:00,2023-09-04 20:00:00,2023-09-12 11:00:00,17.5,34.25,Daniel
2023-09-07 00:00:00,2023-09-04 20:00:00,2023-09-12 11:00:00,17.5,34.25,Daniel
2023-09-07 01:00:00,2023-09-04 20:00:00,2023-09-12 11:00:00,17.75,34.25,Daniel
2023-09-07 02:00:00,2023-09-04 20:00:00,2023-09-12 11:00:00,17.75,34.0,Daniel
2023-09-07 03:00:00,2023-09-04 20:00:00,2023-09-12 11:00:00,18.0,34.25,Daniel
2023-09-07 04:00:00,2023-09-04 20:00:00,2023-09-12 11:00:00,18.0,34.0,Daniel
2023-09-07 05:00:00,2023-09-04 20:00:00,2023-09-12 11:00:00,18.25,34.0,Daniel
2023-09-07 06:00:00,2023-09-04 20:00:00,2023-09-12 11:00:00,18.25,34.0,Daniel
2023-09-07 07:00:00,2023-09-04 20:00:00,2023-09-12 11:00:00,18.25,34.0,Daniel
2023-09-07 08:00:00,2023-09-04 20:00:00,2023-09-12 11:00:00,18.25,34.0,Daniel
2023-09-07 09:00:00,2023-09-04 20:00:00,2023-09-12 11:00:00,18.5,34.0,Daniel
2023-09-07 10:00:00,2023-09-04 20:00:00,2023-09-12 11:00:00,18.5,34.0,Daniel
2023-09-07 11:00:00,2023-09-04 20:00:00,2023-09-12 11:00:00,18.75,34.0,Daniel
2023-09-07 12:00:00,2023-09-04 20:00:00,2023-09-12 11:00:00,19.0,34.0,Daniel
2023-09-07 13:00:00,2023-09-04 20:00:00,2023-09-12 11:00:00,19.0,34.25,Daniel
2023-09-07 14:00:00,2023-09-04 20:00:00,2023-09-12 11:00:00,19.0,34.0,Daniel
2023-09-07 15:00:00,2023-09-04 20:00:00,2023-09-12 11:00:00,19.0,34.0,Daniel
2023-09-07 16:00:00,2023-09-04 20:00:00,2023-09-12 11:00:00,19.0,34.25,Daniel
2023-09-07 17:00:00,2023-09-04 20:00:00,2023-09-12 11:00:00,19.0,34.25,Daniel
2023-09-07 18:00:00,2023-09-04 20:00:00,2023-09-12 11:00:00,19.25,34.25,Daniel
2023-09-07 19:00:00,2023-09-04 20:00:00,2023-09-12 11:00:00,19.0,34.5,Daniel
2023-09-07 20:00:00,2023-09-04 20:00:00,2023-09-12 11:00:00,18.0,35.5,Daniel
2023-09-07 21:00:00,2023-09-04 20:00:00,2023-09-12 11:00:00,19.0,34.5,Daniel
2023-09-07 22:00:00,2023-09-04 20:00:00,2023-09-12 11:00:00,19.25,34.25,Daniel
2023-09-07 23:00:00,2023-09-04 20:00:00,2023-09-12 11:00:00,19.25,34.5,Daniel
2023-09-08 00:00:00,2023-09-04 20:00:00,2023-09-12 11:00:00,18.0,34.75,Daniel
2023-09-08 01:00:00,2023-09-04 20:00:00,2023-09-12 11:00:00,18.75,34.5,Daniel
2023-09-08 02:00:00,2023-09-04 20:00:00,2023-09-12 11:00:00,19.0,34.5,Daniel
2023-09-08 03:00:00,2023-09-04 20:00:00,2023-09-12 11:00:00,19.0,34.75,Daniel
2023-09-08 04:00:00,2023-09-04 20:00:00,2023-09-12 11:00:00,18.75,34.75,Daniel
2023-09-08 05:00:00,2023-09-04 20:00:00,2023-09-12 11:00:00,18.25,34.25,Daniel
2023-09-08 06:00:00,2023-09-04 20:00:00,2023-09-12 11:00:00,18.25,34.25,Daniel
2023-09-08 07:00:00,2023-09-04 20:00:00,2023-09-12 11:00:00,18.0,34.5,Daniel
2023-09-08 08:00:00,2023-09-04 20:00:00,2023-09-12 11:00:00,18.25,34.25,Daniel
2023-09-08 09:00:00,2023-09-04 20:00:00,2023-09-12 11:00:00,18.0,34.25,Daniel
2023-09-08 10:00:00,2023-09-04 20:00:00,2023-09-12 11:00:00,18.25,34.25,Daniel
2023-09-08 11:00:00,2023-09-04 20:00:00,2023-09-12 11:00:00,17.75,34.5,Daniel
2023-09-08 12:00:00,2023-09-04 20:00:00,2023-09-12 11:00:00,17.75,34.5,Daniel
2023-09-08 13:00:00,2023-09-04 20:00:00,2023-09-12 11:00:00,18.0,34.5,Daniel
2023-09-08 14:00:00,2023-09-04 20:00:00,2023-09-12 11:00:00,18.0,34.5,Daniel
2023-09-08 15:00:00,2023-09-04 20:00:00,2023-09-12 11:00:00,17.75,34.25,Daniel
2023-09-08 16:00:00,2023-09-04 20:00:00,2023-09-12 11:00:00,17.75,34.25,Daniel
2023-09-08 17:00:00,2023-09-04 20:00:00,2023-09-12 11:00:00,17.75,34.25,Daniel
2023-09-08 18:00:00,2023-09-04 20:00:00,2023-09-12 11:00:00,17.5,34.0,Daniel
2023-09-08 19:00:00,2023-09-04 20:00:00,2023-09-12 11:00:00,17.5,34.0,Daniel
2023-09-08 20:00:00,2023-09-04 20:00:00,2023-09-12 11:00:00,17.5,34.0,Daniel
2023-09-08 21:00:00,2023-09-04 20:00:00,2023-09-12 11:00:00,17.75,33.75,Daniel
2023-09-08 22:00:00,2023-09-04 20:00:00,2023-09-12 11:00:00,17.5,33.5,Daniel
2023-09-08 23:00:00,2023-09-04 20:00:00,2023-09-12 11:00:00,17.5,33.5,Daniel
2023-09-09 00:00:00,2023-09-04 20:00:00,2023-09-12 11:00:00,17.75,33.5,Daniel
2023-09-09 01:00:00,2023-09-04 20:00:00,2023-09-12 11:00:00,17.75,33.25,Daniel
2023-09-09 02:00:00,2023-09-04 20:00:00,2023-09-12 11:00:00,18.0,33.25,Daniel
2023-09-09 03:00:00,2023-09-04 20:00:00,2023-09-12 11:00:00,18.0,33.25,Daniel
2023-09-09 04:00:00,2023-09-04 20:00:00,2023-09-12 11:00:00,18.0,33.25,Daniel
2023-09-09 05:00:00,2023-09-04 20:00:00,2023-09-12 11:00:00,18.25,33.25,Daniel
2023-09-09 06:00:00,2023-09-04 20:00:00,2023-09-12 11:00:00,18.25,33.25,Daniel
2023-09-09 07:00:00,2023-09-04 20:00:00,2023-09-12 11:00:00,18.25,33.25,Daniel
2023-09-09 08:00:00,2023-09-04 20:00:00,2023-09-12 11:00:00,18.25,33.25,Daniel
2023-09-09 09:00:00,2023-09-04 20:00:00,2023-09-12 11:00:00,18.25,33.0,Daniel
2023-09-09 10:00:00,2023-09-04 20:00:00,2023-09-12 11:00:00,18.5,33.0,Daniel
2023-09-09 11:00:00,2023-09-04 20:00:00,2023-09-12 11:00:00,18.5,33.25,Daniel
2023-09-09 12:00:00,2023-09-04 20:00:00,2023-09-12 11:00:00,18.75,33.0,Daniel
2023-09-09 13:00:00,2023-09-04 20:00:00,2023-09-12 11:00:00,18.75,33.0,Daniel
2023-09-09 14:00:00,2023-09-04 20:00:00,2023-09-12 11:00:00,18.75,33.0,Daniel
2023-09-09 15:00:00,2023-09-04 20:00:00,2023-09-12 11:00:00,19.0,33.0,Daniel
2023-09-09 16:00:00,2023-09-04 20:00:00,2023-09-12 11:00:00,19.0,32.75,Daniel
2023-09-09 17:00:00,2023-09-04 20:00:00,2023-09-12 11:00:00,19.25,32.75,Daniel
2023-09-09 18:00:00,2023-09-04 20:00:00,2023-09-12 11:00:00,19.25,32.75,Daniel
2023-09-09 19:00:00,2023-09-04 20:00:00,2023-09-12 11:00:00,19.5,32.5,Daniel
2023-09-09 20:00:00,2023-09-04 20:00:00,2023-09-12 11:00:00,19.5,32.5,Daniel
2023-09-09 21:00:00,2023-09-04 20:00:00,2023-09-12 11:00:00,19.75,32.5,Daniel
2023-09-09 22:00:00,2023-09-04 20:00:00,2023-09-12 11:00:00,19.75,32.5,Daniel
2023-09-09 23:00:00,2023-09-04 20:00:00,2023-09-12 11:00:00,20.0,32.5,Daniel
2023-09-10 00:00:00,2023-09-04 20:00:00,2023-09-12 11:00:00,20.0,32.5,Daniel
2023-09-10 01:00:00,2023-09-04 20:00:00,2023-09-12 11:00:00,20.25,32.5,Daniel
2023-09-10 02:00:00,2023-09-04 20:00:00,2023-09-12 11:00:00,20.25,32.5,Daniel
2023-09-10 03:00:00,2023-09-04 20:00:00,2023-09-12 11:00:00,20.25,32.5,Daniel
2023-09-10 04:00:00,2023-09-04 20:00:00,2023-09-12 11:00:00,20.25,32.5,Daniel
2023-09-10 05:00:00,2023-09-04 20:00:00,2023-09-12 11:00:00,20.25,32.5,Daniel
2023-09-10 06:00:00,2023-09-04 20:00:00,2023-09-12 11:00:00,20.25,32.5,Daniel
2023-09-10 07:00:00,2023-09-04 20:00:00,2023-09-12 11:00:00,20.25,32.25,Daniel
2023-09-10 08:00:00,2023-09-04 20:00:00,2023-09-12 11:00:00,21.0,31.75,Daniel
2023-09-10 09:00:00,2023-09-04 20:00:00,2023-09-12 11:00:00,21.0,31.75,Daniel
2023-09-10 10:00:00,2023-09-04 20:00:00,2023-09-12 11:00:00,21.5,31.75,Daniel
2023-09-10 11:00:00,2023-09-04 20:00:00,2023-09-12 11:00:00,21.5,32.0,Daniel
2023-09-10 12:00:00,2023-09-04 20:00:00,2023-09-12 11:00:00,21.5,32.0,Daniel
2023-09-10 13:00:00,2023-09-04 20:00:00,2023-09-12 11:00:00,21.5,32.0,Daniel
2023-09-10 14:00:00,2023-09-04 20:00:00,2023-09-12 11:00:00,21.75,32.0,Daniel
2023-09-10 15:00:00,2023-09-04 20:00:00,2023-09-12 11:00:00,21.75,32.0,Daniel
2023-09-10 16:00:00,2023-09-04 20:00:00,2023-09-12 11:00:00,22.0,31.75,Daniel
2023-09-10 17:00:00,2023-09-04 20:00:00,2023-09-12 11:00:00,22.0,31.75,Daniel
2023-09-10 18:00:00,2023-09-04 20:00:00,2023-09-12 11:00:00,22.0,31.75,Daniel
2023-09-10 19:00:00,2023-09-04 20:00:00,2023-09-12 11:00:00,22.25,31.5,Daniel
2023-09-10 20:00:00,2023-09-04 20:00:00,2023-09-12 11:00:00,22.25,31.5,Daniel
2023-09-10 21:00:00,2023-09-04 20:00:00,2023-09-12 11:00:00,22.5,31.25,Daniel
2023-09-10 22:00:00,2023-09-04 20:00:00,2023-09-12 11:00:00,22.75,31.25,Daniel
2023-09-10 23:00:00,2023-09-04 20:00:00,2023-09-12 11:00:00,22.75,31.25,Daniel
2023-09-11 00:00:00,2023-09-04 20:00:00,2023-09-12 11:00:00,23.0,31.0,Daniel
2023-09-11 01:00:00,2023-09-04 20:00:00,2023-09-12 11:00:00,23.25,31.0,Daniel
2023-09-11 02:00:00,2023-09-04 20:00:00,2023-09-12 11:00:00,23.5,30.75,Daniel
2023-09-11 03:00:00,2023-09-04 20:00:00,2023-09-12 11:00:00,23.75,30.75,Daniel
2023-09-11 04:00:00,2023-09-04 20:00:00,2023-09-12 11:00:00,24.0,30.75,Daniel
2023-09-11 05:00:00,2023-09-04 20:00:00,2023-09-12 11:00:00,24.0,30.75,Daniel
2023-09-11 06:00:00,2023-09-04 20:00:00,2023-09-12 11:00:00,24.25,30.75,Daniel
2023-09-11 07:00:00,2023-09-04 20:00:00,2023-09-12 11:00:00,24.75,30.75,Daniel
2023-09-11 08:00:00,2023-09-04 20:00:00,2023-09-12 11:00:00,24.75,30.75,Daniel
2023-09-11 09:00:00,2023-09-04 20:00:00,2023-09-12 11:00:00,25.0,30.75,Daniel
2023-09-11 10:00:00,2023-09-04 20:00:00,2023-09-12 11:00:00,25.25,30.5,Daniel
2023-09-11 11:00:00,2023-09-04 20:00:00,2023-09-12 11:00:00,25.5,30.5,Daniel
2023-09-11 12:00:00,2023-09-04 20:00:00,2023-09-12 11:00:00,25.75,30.5,Daniel
2023-09-11 13:00:00,2023-09-04 20:00:00,2023-09-12 11:00:00,26.25,30.25,Daniel
2023-09-11 14:00:00,2023-09-04 20:00:00,2023-09-12 11:00:00,26.75,30.0,Daniel
2023-09-11 15:00:00,2023-09-04 20:00:00,2023-09-12 11:00:00,27.0,30.0,Daniel
2023-09-11 16:00:00,2023-09-04 20:00:00,2023-09-12 11:00:00,27.25,30.0,Daniel
2023-09-11 17:00:00,2023-09-04 20:00:00,2023-09-12 11:00:00,27.5,30.0,Daniel
2023-09-11 18:00:00,2023-09-04 20:00:00,2023-09-12 11:00:00,27.5,30.0,Daniel
2023-09-11 19:00:00,2023-09-04 20:00:00,2023-09-12 11:00:00,27.75,30.0,Daniel
2023-09-11 20:00:00,2023-09-04 20:00:00,2023-09-12 11:00:00,27.75,30.0,Daniel
2023-09-11 21:00:00,2023-09-04 20:00:00,2023-09-12 11:00:00,28.0,30.0,Daniel
2023-09-11 22:00:00,2023-09-04 20:00:00,2023-09-12 11:00:00,28.25,30.25,Daniel
2023-09-11 23:00:00,2023-09-04 20:00:00,2023-09-12 11:00:00,28.25,30.0,Daniel
2023-09-12 00:00:00,2023-09-04 20:00:00,2023-09-12 11:00:00,28.5,30.25,Daniel
2023-09-12 01:00:00,2023-09-04 20:00:00,2023-09-12 11:00:00,28.5,30.25,Daniel
2023-09-12 02:00:00,2023-09-04 20:00:00,2023-09-12 11:00:00,29.25,31.0,Daniel
2023-09-12 03:00:00,2023-09-04 20:00:00,2023-09-12 11:00:00,30.0,31.5,Daniel
2023-09-12 04:00:00,2023-09-04 20:00:00,2023-09-12 11:00:00,29.5,31.25,Daniel
2023-09-12 05:00:00,2023-09-04 20:00:00,2023-09-12 11:00:00,29.75,31.25,Daniel
2023-09-12 06:00:00,2023-09-04 20:00:00,2023-09-12 11:00:00,30.5,31.5,Daniel
2023-09-12 07:00:00,2023-09-04 20:00:00,2023-09-12 11:00:00,31.25,31.5,Daniel
2023-09-12 08:00:00,2023-09-04 20:00:00,2023-09-12 11:00:00,31.25,31.25,Daniel
2023-09-12 09:00:00,2023-09-04 20:00:00,2023-09-12 11:00:00,32.5,31.0,Daniel
2023-09-12 10:00:00,2023-09-04 20:00:00,2023-09-12 11:00:00,32.75,31.0,Daniel
2023-09-12 11:00:00,2023-09-04 20:00:00,2023-09-12 11:00:00,33.5,31.0,Daniel
2023-02-08 08:00:00,2023-02-08 08:00:00,2023-02-11 04:00:00,9.25,29.75,Helios
2023-02-08 09:00:00,2023-02-08 08:00:00,2023-02-11 04:00:00,9.25,29.75,Helios
2023-02-08 10:00:00,2023-02-08 08:00:00,2023-02-11 04:00:00,9.25,30.0,Helios
2023-02-08 11:00:00,2023-02-08 08:00:00,2023-02-11 04:00:00,9.75,30.25,Helios
2023-02-08 12:00:00,2023-02-08 08:00:00,2023-02-11 04:00:00,10.0,30.5,Helios
2023-02-08 13:00:00,2023-02-08 08:00:00,2023-02-11 04:00:00,10.25,30.75,Helios
2023-02-08 14:00:00,2023-02-08 08:00:00,2023-02-11 04:00:00,10.75,31.25,Helios
2023-02-08 15:00:00,2023-02-08 08:00:00,2023-02-11 04:00:00,11.0,31.5,Helios
2023-02-08 16:00:00,2023-02-08 08:00:00,2023-02-11 04:00:00,11.5,31.5,Helios
2023-02-08 17:00:00,2023-02-08 08:00:00,2023-02-11 04:00:00,12.0,31.5,Helios
2023-02-08 18:00:00,2023-02-08 08:00:00,2023-02-11 04:00:00,12.25,31.5,Helios
2023-02-08 19:00:00,2023-02-08 08:00:00,2023-02-11 04:00:00,13.0,32.25,Helios
2023-02-08 20:00:00,2023-02-08 08:00:00,2023-02-11 04:00:00,13.25,32.5,Helios
2023-02-08 21:00:00,2023-02-08 08:00:00,2023-02-11 04:00:00,13.75,31.5,Helios
2023-02-08 22:00:00,2023-02-08 08:00:00,2023-02-11 04:00:00,14.0,32.0,Helios
2023-02-08 23:00:00,2023-02-08 08:00:00,2023-02-11 04:00:00,14.5,32.25,Helios
2023-02-09 00:00:00,2023-02-08 08:00:00,2023-02-11 04:00:00,15.0,32.5,Helios
2023-02-09 01:00:00,2023-02-08 08:00:00,2023-02-11 04:00:00,15.0,32.5,Helios
2023-02-09 02:00:00,2023-02-08 08:00:00,2023-02-11 04:00:00,15.25,32.75,Helios
2023-02-09 03:00:00,2023-02-08 08:00:00,2023-02-11 04:00:00,15.75,32.75,Helios
2023-02-09 04:00:00,2023-02-08 08:00:00,2023-02-11 04:00:00,15.75,33.0,Helios
2023-02-09 05:00:00,2023-02-08 08:00:00,2023-02-11 04:00:00,15.75,33.0,Helios
2023-02-09 06:00:00,2023-02-08 08:00:00,2023-02-11 04:00:00,16.0,33.0,Helios
2023-02-09 07:00:00,2023-02-08 08:00:00,2023-02-11 04:00:00,15.75,33.25,Helios
2023-02-09 08:00:00,2023-02-08 08:00:00,2023-02-11 04:00:00,16.0,33.25,Helios
2023-02-09 09:00:00,2023-02-08 08:00:00,2023-02-11 04:00:00,16.0,33.25,Helios
2023-02-09 10:00:00,2023-02-08 08:00:00,2023-02-11 04:00:00,15.75,33.25,Helios
2023-02-09 11:00:00,2023-02-08 08:00:00,2023-02-11 04:00:00,15.75,33.25,Helios
2023-02-09 12:00:00,2023-02-08 08:00:00,2023-02-11 04:00:00,15.75,33.5,Helios
2023-02-09 13:00:00,2023-02-08 08:00:00,2023-02-11 04:00:00,15.75,33.5,Helios
2023-02-09 14:00:00,2023-02-08 08:00:00,2023-02-11 04:00:00,15.75,33.5,Helios
2023-02-09 15:00:00,2023-02-08 08:00:00,2023-02-11 04:00:00,16.0,33.5,Helios
2023-02-09 16:00:00,2023-02-08 08:00:00,2023-02-11 04:00:00,15.75,33.75,Helios
2023-02-09 17:00:00,2023-02-08 08:00:00,2023-02-11 04:00:00,15.25,34.5,Helios
2023-02-09 18:00:00,2023-02-08 08:00:00,2023-02-11 04:00:00,15.0,34.75,Helios
2023-02-09 19:00:00,2023-02-08 08:00:00,2023-02-11 04:00:00,15.0,34.75,Helios
2023-02-09 20:00:00,2023-02-08 08:00:00,2023-02-11 04:00:00,15.0,35.0,Helios
2023-02-09 21:00:00,2023-02-08 08:00:00,2023-02-11 04:00:00,15.0,35.0,Helios
2023-02-09 22:00:00,2023-02-08 08:00:00,2023-02-11 04:00:00,14.25,35.5,Helios
2023-02-09 23:00:00,2023-02-08 08:00:00,2023-02-11 04:00:00,14.25,35.5,Helios
2023-02-10 00:00:00,2023-02-08 08:00:00,2023-02-11 04:00:00,14.5,35.75,Helios
2023-02-10 01:00:00,2023-02-08 08:00:00,2023-02-11 04:00:00,14.5,35.75,Helios
2023-02-10 02:00:00,2023-02-08 08:00:00,2023-02-11 04:00:00,14.25,36.0,Helios
2023-02-10 03:00:00,2023-02-08 08:00:00,2023-02-11 04:00:00,14.25,36.0,Helios
2023-02-10 04:00:00,2023-02-08 08:00:00,2023-02-11 04:00:00,14.0,36.25,Helios
2023-02-10 05:00:00,2023-02-08 08:00:00,2023-02-11 04:00:00,14.0,36.0,Helios
2023-02-10 06:00:00,2023-02-08 08:00:00,2023-02-11 04:00:00,14.0,36.0,Helios
2023-02-10 07:00:00,2023-02-08 08:00:00,2023-02-11 04:00:00,14.0,36.0,Helios
2023-02-10 08:00:00,2023-02-08 08:00:00,2023-02-11 04:00:00,13.75,35.75,Helios
2023-02-10 09:00:00,2023-02-08 08:00:00,2023-02-11 04:00:00,13.5,35.75,Helios
2023-02-10 10:00:00,2023-02-08 08:00:00,2023-02-11 04:00:00,13.5,35.5,Helios
2023-02-10 11:00:00,2023-02-08 08:00:00,2023-02-11 04:00:00,13.5,35.25,Helios
2023-02-10 12:00:00,2023-02-08 08:00:00,2023-02-11 04:00:00,13.5,35.0,Helios
2023-02-10 13:00:00,2023-02-08 08:00:00,2023-02-11 04:00:00,13.5,34.75,Helios
2023-02-10 14:00:00,2023-02-08 08:00:00,2023-02-11 04:00:00,13.5,34.5,Helios
2023-02-10 15:00:00,2023-02-08 08:00:00,2023-02-11 04:00:00,13.5,34.5,Helios
2023-02-10 16:00:00,2023-02-08 08:00:00,2023-02-11 04:00:00,13.75,34.25,Helios
2023-02-10 17:00:00,2023-02-08 08:00:00,2023-02-11 04:00:00,13.75,34.0,Helios
2023-02-10 18:00:00,2023-02-08 08:00:00,2023-02-11 04:00:00,13.75,33.75,Helios
2023-02-10 19:00:00,2023-02-08 08:00:00,2023-02-11 04:00:00,13.75,33.5,Helios
2023-02-10 20:00:00,2023-02-08 08:00:00,2023-02-11 04:00:00,13.75,33.25,Helios
2023-02-10 21:00:00,2023-02-08 08:00:00,2023-02-11 04:00:00,14.0,33.25,Helios
2023-02-10 22:00:00,2023-02-08 08:00:00,2023-02-11 04:00:00,14.0,33.0,Helios
2023-02-10 23:00:00,2023-02-08 08:00:00,2023-02-11 04:00:00,14.0,32.75,Helios
2023-02-11 00:00:00,2023-02-08 08:00:00,2023-02-11 04:00:00,14.0,32.75,Helios
2023-02-11 01:00:00,2023-02-08 08:00:00,2023-02-11 04:00:00,14.0,32.25,Helios
2023-02-11 02:00:00,2023-02-08 08:00:00,2023-02-11 04:00:00,14.0,32.0,Helios
2023-02-11 03:00:00,2023-02-08 08:00:00,2023-02-11 04:00:00,14.25,31.75,Helios
2023-02-11 04:00:00,2023-02-08 08:00:00,2023-02-11 04:00:00,14.25,31.5,Helios
2020-09-13 13:00:00,2020-09-13 13:00:00,2020-09-21 04:00:00,17.75,28.5,Ianos
2020-09-13 14:00:00,2020-09-13 13:00:00,2020-09-21 04:00:00,17.75,28.5,Ianos
2020-09-13 15:00:00,2020-09-13 13:00:00,2020-09-21 04:00:00,17.75,28.5,Ianos
2020-09-13 16:00:00,2020-09-13 13:00:00,2020-09-21 04:00:00,17.75,28.5,Ianos
2020-09-13 17:00:00,2020-09-13 13:00:00,2020-09-21 04:00:00,17.5,29.0,Ianos
2020-09-13 18:00:00,2020-09-13 13:00:00,2020-09-21 04:00:00,17.75,28.75,Ianos
2020-09-13 19:00:00,2020-09-13 13:00:00,2020-09-21 04:00:00,17.75,28.5,Ianos
2020-09-13 20:00:00,2020-09-13 13:00:00,2020-09-21 04:00:00,17.75,28.5,Ianos
2020-09-13 21:00:00,2020-09-13 13:00:00,2020-09-21 04:00:00,18.0,28.5,Ianos
2020-09-13 22:00:00,2020-09-13 13:00:00,2020-09-21 04:00:00,18.0,28.5,Ianos
2020-09-13 23:00:00,2020-09-13 13:00:00,2020-09-21 04:00:00,18.75,29.0,Ianos
2020-09-14 00:00:00,2020-09-13 13:00:00,2020-09-21 04:00:00,18.75,30.25,Ianos
2020-09-14 01:00:00,2020-09-13 13:00:00,2020-09-21 04:00:00,17.5,31.0,Ianos
2020-09-14 02:00:00,2020-09-13 13:00:00,2020-09-21 04:00:00,17.25,31.0,Ianos
2020-09-14 03:00:00,2020-09-13 13:00:00,2020-09-21 04:00:00,17.0,31.0,Ianos
2020-09-14 04:00:00,2020-09-13 13:00:00,2020-09-21 04:00:00,17.0,31.0,Ianos
2020-09-14 05:00:00,2020-09-13 13:00:00,2020-09-21 04:00:00,16.75,31.25,Ianos
2020-09-14 06:00:00,2020-09-13 13:00:00,2020-09-21 04:00:00,16.75,31.25,Ianos
2020-09-14 07:00:00,2020-09-13 13:00:00,2020-09-21 04:00:00,16.75,31.25,Ianos
2020-09-14 08:00:00,2020-09-13 13:00:00,2020-09-21 04:00:00,16.5,31.25,Ianos
2020-09-14 09:00:00,2020-09-13 13:00:00,2020-09-21 04:00:00,16.75,31.25,Ianos
2020-09-14 10:00:00,2020-09-13 13:00:00,2020-09-21 04:00:00,16.75,31.25,Ianos
2020-09-14 11:00:00,2020-09-13 13:00:00,2020-09-21 04:00:00,17.0,31.25,Ianos
2020-09-14 12:00:00,2020-09-13 13:00:00,2020-09-21 04:00:00,17.25,31.25,Ianos
2020-09-14 13:00:00,2020-09-13 13:00:00,2020-09-21 04:00:00,17.25,31.25,Ianos
2020-09-14 14:00:00,2020-09-13 13:00:00,2020-09-21 04:00:00,17.25,31.5,Ianos
2020-09-14 15:00:00,2020-09-13 13:00:00,2020-09-21 04:00:00,17.25,31.75,Ianos
2020-09-14 16:00:00,2020-09-13 13:00:00,2020-09-21 04:00:00,17.0,32.0,Ianos
2020-09-14 17:00:00,2020-09-13 13:00:00,2020-09-21 04:00:00,17.0,32.0,Ianos
2020-09-14 18:00:00,2020-09-13 13:00:00,2020-09-21 04:00:00,17.0,32.0,Ianos
2020-09-14 19:00:00,2020-09-13 13:00:00,2020-09-21 04:00:00,17.0,32.0,Ianos
2020-09-14 20:00:00,2020-09-13 13:00:00,2020-09-21 04:00:00,17.0,32.25,Ianos
2020-09-14 21:00:00,2020-09-13 13:00:00,2020-09-21 04:00:00,17.0,32.25,Ianos
2020-09-14 22:00:00,2020-09-13 13:00:00,2020-09-21 04:00:00,17.0,32.5,Ianos
2020-09-14 23:00:00,2020-09-13 13:00:00,2020-09-21 04:00:00,17.0,32.5,Ianos
2020-09-15 00:00:00,2020-09-13 13:00:00,2020-09-21 04:00:00,17.0,32.75,Ianos
2020-09-15 01:00:00,2020-09-13 13:00:00,2020-09-21 04:00:00,17.0,32.75,Ianos
2020-09-15 02:00:00,2020-09-13 13:00:00,2020-09-21 04:00:00,16.75,33.0,Ianos
2020-09-15 03:00:00,2020-09-13 13:00:00,2020-09-21 04:00:00,16.5,33.0,Ianos
2020-09-15 04:00:00,2020-09-13 13:00:00,2020-09-21 04:00:00,16.5,33.0,Ianos
2020-09-15 05:00:00,2020-09-13 13:00:00,2020-09-21 04:00:00,16.0,33.0,Ianos
2020-09-15 06:00:00,2020-09-13 13:00:00,2020-09-21 04:00:00,16.0,33.25,Ianos
2020-09-15 07:00:00,2020-09-13 13:00:00,2020-09-21 04:00:00,15.5,33.25,Ianos
2020-09-15 08:00:00,2020-09-13 13:00:00,2020-09-21 04:00:00,15.25,33.0,Ianos
2020-09-15 09:00:00,2020-09-13 13:00:00,2020-09-21 04:00:00,15.0,33.25,Ianos
2020-09-15 10:00:00,2020-09-13 13:00:00,2020-09-21 04:00:00,15.0,33.0,Ianos
2020-09-15 11:00:00,2020-09-13 13:00:00,2020-09-21 04:00:00,15.0,33.0,Ianos
2020-09-15 12:00:00,2020-09-13 13:00:00,2020-09-21 04:00:00,15.0,33.0,Ianos
2020-09-15 13:00:00,2020-09-13 13:00:00,2020-09-21 04:00:00,15.25,32.75,Ianos
2020-09-15 14:00:00,2020-09-13 13:00:00,2020-09-21 04:00:00,15.5,33.0,Ianos
2020-09-15 15:00:00,2020-09-13 13:00:00,2020-09-21 04:00:00,15.5,32.75,Ianos
2020-09-15 16:00:00,2020-09-13 13:00:00,2020-09-21 04:00:00,15.75,32.75,Ianos
2020-09-15 17:00:00,2020-09-13 13:00:00,2020-09-21 04:00:00,15.75,33.0,Ianos
2020-09-15 18:00:00,2020-09-13 13:00:00,2020-09-21 04:00:00,15.75,33.0,Ianos
2020-09-15 19:00:00,2020-09-13 13:00:00,2020-09-21 04:00:00,15.75,33.25,Ianos
2020-09-15 20:00:00,2020-09-13 13:00:00,2020-09-21 04:00:00,15.75,33.25,Ianos
2020-09-15 21:00:00,2020-09-13 13:00:00,2020-09-21 04:00:00,16.0,33.5,Ianos
2020-09-15 22:00:00,2020-09-13 13:00:00,2020-09-21 04:00:00,16.0,33.5,Ianos
2020-09-15 23:00:00,2020-09-13 13:00:00,2020-09-21 04:00:00,16.0,33.5,Ianos
2020-09-16 00:00:00,2020-09-13 13:00:00,2020-09-21 04:00:00,16.25,33.75,Ianos
2020-09-16 01:00:00,2020-09-13 13:00:00,2020-09-21 04:00:00,16.5,34.0,Ianos
2020-09-16 02:00:00,2020-09-13 13:00:00,2020-09-21 04:00:00,16.5,34.0,Ianos
2020-09-16 03:00:00,2020-09-13 13:00:00,2020-09-21 04:00:00,16.75,34.25,Ianos
2020-09-16 04:00:00,2020-09-13 13:00:00,2020-09-21 04:00:00,16.75,34.5,Ianos
2020-09-16 05:00:00,2020-09-13 13:00:00,2020-09-21 04:00:00,17.0,34.75,Ianos
2020-09-16 06:00:00,2020-09-13 13:00:00,2020-09-21 04:00:00,16.75,34.75,Ianos
2020-09-16 07:00:00,2020-09-13 13:00:00,2020-09-21 04:00:00,16.75,34.75,Ianos
2020-09-16 08:00:00,2020-09-13 13:00:00,2020-09-21 04:00:00,16.75,34.75,Ianos
2020-09-16 09:00:00,2020-09-13 13:00:00,2020-09-21 04:00:00,17.0,35.0,Ianos
2020-09-16 10:00:00,2020-09-13 13:00:00,2020-09-21 04:00:00,17.0,35.25,Ianos
2020-09-16 11:00:00,2020-09-13 13:00:00,2020-09-21 04:00:00,17.25,35.5,Ianos
2020-09-16 12:00:00,2020-09-13 13:00:00,2020-09-21 04:00:00,17.25,35.5,Ianos
2020-09-16 13:00:00,2020-09-13 13:00:00,2020-09-21 04:00:00,17.5,35.5,Ianos
2020-09-16 14:00:00,2020-09-13 13:00:00,2020-09-21 04:00:00,17.5,35.75,Ianos
2020-09-16 15:00:00,2020-09-13 13:00:00,2020-09-21 04:00:00,17.5,36.0,Ianos
2020-09-16 16:00:00,2020-09-13 13:00:00,2020-09-21 04:00:00,17.25,36.25,Ianos
2020-09-16 17:00:00,2020-09-13 13:00:00,2020-09-21 04:00:00,17.25,36.5,Ianos
2020-09-16 18:00:00,2020-09-13 13:00:00,2020-09-21 04:00:00,17.25,36.5,Ianos
2020-09-16 19:00:00,2020-09-13 13:00:00,2020-09-21 04:00:00,17.25,36.5,Ianos
2020-09-16 20:00:00,2020-09-13 13:00:00,2020-09-21 04:00:00,17.5,36.75,Ianos
2020-09-16 21:00:00,2020-09-13 13:00:00,2020-09-21 04:00:00,17.5,36.75,Ianos
2020-09-16 22:00:00,2020-09-13 13:00:00,2020-09-21 04:00:00,17.25,36.75,Ianos
2020-09-16 23:00:00,2020-09-13 13:00:00,2020-09-21 04:00:00,17.25,36.75,Ianos
2020-09-17 00:00:00,2020-09-13 13:00:00,2020-09-21 04:00:00,17.5,36.75,Ianos
2020-09-17 01:00:00,2020-09-13 13:00:00,2020-09-21 04:00:00,17.5,36.75,Ianos
2020-09-17 02:00:00,2020-09-13 13:00:00,2020-09-21 04:00:00,17.75,37.0,Ianos
2020-09-17 03:00:00,2020-09-13 13:00:00,2020-09-21 04:00:00,17.75,37.0,Ianos
2020-09-17 04:00:00,2020-09-13 13:00:00,2020-09-21 04:00:00,18.0,37.0,Ianos
2020-09-17 05:00:00,2020-09-13 13:00:00,2020-09-21 04:00:00,18.0,37.25,Ianos
2020-09-17 06:00:00,2020-09-13 13:00:00,2020-09-21 04:00:00,18.0,37.25,Ianos
2020-09-17 07:00:00,2020-09-13 13:00:00,2020-09-21 04:00:00,18.0,37.25,Ianos
2020-09-17 08:00:00,2020-09-13 13:00:00,2020-09-21 04:00:00,18.25,37.25,Ianos
2020-09-17 09:00:00,2020-09-13 13:00:00,2020-09-21 04:00:00,18.25,37.25,Ianos
2020-09-17 10:00:00,2020-09-13 13:00:00,2020-09-21 04:00:00,18.5,37.25,Ianos
2020-09-17 11:00:00,2020-09-13 13:00:00,2020-09-21 04:00:00,18.75,37.5,Ianos
2020-09-17 12:00:00,2020-09-13 13:00:00,2020-09-21 04:00:00,18.75,37.5,Ianos
2020-09-17 13:00:00,2020-09-13 13:00:00,2020-09-21 04:00:00,18.75,37.5,Ianos
2020-09-17 14:00:00,2020-09-13 13:00:00,2020-09-21 04:00:00,19.0,37.5,Ianos
2020-09-17 15:00:00,2020-09-13 13:00:00,2020-09-21 04:00:00,19.0,37.5,Ianos
2020-09-17 16:00:00,2020-09-13 13:00:00,2020-09-21 04:00:00,19.25,37.5,Ianos
2020-09-17 17:00:00,2020-09-13 13:00:00,2020-09-21 04:00:00,19.5,37.5,Ianos
2020-09-17 18:00:00,2020-09-13 13:00:00,2020-09-21 04:00:00,19.75,37.5,Ianos
2020-09-17 19:00:00,2020-09-13 13:00:00,2020-09-21 04:00:00,19.75,37.5,Ianos
2020-09-17 20:00:00,2020-09-13 13:00:00,2020-09-21 04:00:00,20.0,37.75,Ianos
2020-09-17 21:00:00,2020-09-13 13:00:00,2020-09-21 04:00:00,20.0,37.75,Ianos
2020-09-17 22:00:00,2020-09-13 13:00:00,2020-09-21 04:00:00,20.0,37.75,Ianos
2020-09-17 23:00:00,2020-09-13 13:00:00,2020-09-21 04:00:00,20.0,37.75,Ianos
2020-09-18 00:00:00,2020-09-13 13:00:00,2020-09-21 04:00:00,20.25,38.0,Ianos
2020-09-18 01:00:00,2020-09-13 13:00:00,2020-09-21 04:00:00,20.25,38.0,Ianos
2020-09-18 02:00:00,2020-09-13 13:00:00,2020-09-21 04:00:00,20.5,38.0,Ianos
2020-09-18 03:00:00,2020-09-13 13:00:00,2020-09-21 04:00:00,20.75,38.0,Ianos
2020-09-18 04:00:00,2020-09-13 13:00:00,2020-09-21 04:00:00,21.0,38.0,Ianos
2020-09-18 05:00:00,2020-09-13 13:00:00,2020-09-21 04:00:00,21.0,38.0,Ianos
2020-09-18 06:00:00,2020-09-13 13:00:00,2020-09-21 04:00:00,21.0,38.25,Ianos
2020-09-18 07:00:00,2020-09-13 13:00:00,2020-09-21 04:00:00,21.0,38.25,Ianos
2020-09-18 08:00:00,2020-09-13 13:00:00,2020-09-21 04:00:00,21.0,38.25,Ianos
2020-09-18 09:00:00,2020-09-13 13:00:00,2020-09-21 04:00:00,21.0,38.5,Ianos
2020-09-18 10:00:00,2020-09-13 13:00:00,2020-09-21 04:00:00,20.75,38.25,Ianos
2020-09-18 11:00:00,2020-09-13 13:00:00,2020-09-21 04:00:00,20.75,38.25,Ianos
2020-09-18 12:00:00,2020-09-13 13:00:00,2020-09-21 04:00:00,20.75,38.25,Ianos
2020-09-18 13:00:00,2020-09-13 13:00:00,2020-09-21 04:00:00,21.0,38.0,Ianos
2020-09-18 14:00:00,2020-09-13 13:00:00,2020-09-21 04:00:00,21.0,38.0,Ianos
2020-09-18 15:00:00,2020-09-13 13:00:00,2020-09-21 04:00:00,21.0,38.0,Ianos
2020-09-18 16:00:00,2020-09-13 13:00:00,2020-09-21 04:00:00,21.25,38.0,Ianos
2020-09-18 17:00:00,2020-09-13 13:00:00,2020-09-21 04:00:00,21.25,38.0,Ianos
2020-09-18 18:00:00,2020-09-13 13:00:00,2020-09-21 04:00:00,21.25,37.75,Ianos
2020-09-18 19:00:00,2020-09-13 13:00:00,2020-09-21 04:00:00,21.25,37.75,Ianos
2020-09-18 20:00:00,2020-09-13 13:00:00,2020-09-21 04:00:00,21.25,37.75,Ianos
2020-09-18 21:00:00,2020-09-13 13:00:00,2020-09-21 04:00:00,21.25,37.5,Ianos
2020-09-18 22:00:00,2020-09-13 13:00:00,2020-09-21 04:00:00,21.25,38.0,Ianos
2020-09-18 23:00:00,2020-09-13 13:00:00,2020-09-21 04:00:00,21.25,37.75,Ianos
2020-09-19 00:00:00,2020-09-13 13:00:00,2020-09-21 04:00:00,21.25,37.5,Ianos
2020-09-19 01:00:00,2020-09-13 13:00:00,2020-09-21 04:00:00,21.25,37.5,Ianos
2020-09-19 02:00:00,2020-09-13 13:00:00,2020-09-21 04:00:00,21.25,37.5,Ianos
2020-09-19 03:00:00,2020-09-13 13:00:00,2020-09-21 04:00:00,21.25,37.25,Ianos
2020-09-19 04:00:00,2020-09-13 13:00:00,2020-09-21 04:00:00,21.25,37.0,Ianos
2020-09-19 05:00:00,2020-09-13 13:00:00,2020-09-21 04:00:00,21.25,36.75,Ianos
2020-09-19 06:00:00,2020-09-13 13:00:00,2020-09-21 04:00:00,21.25,36.75,Ianos
2020-09-19 07:00:00,2020-09-13 13:00:00,2020-09-21 04:00:00,21.25,36.5,Ianos
2020-09-19 08:00:00,2020-09-13 13:00:00,2020-09-21 04:00:00,21.25,36.25,Ianos
2020-09-19 09:00:00,2020-09-13 13:00:00,2020-09-21 04:00:00,21.5,36.25,Ianos
2020-09-19 10:00:00,2020-09-13 13:00:00,2020-09-21 04:00:00,21.75,36.0,Ianos
2020-09-19 11:00:00,2020-09-13 13:00:00,2020-09-21 04:00:00,21.75,35.75,Ianos
2020-09-19 12:00:00,2020-09-13 13:00:00,2020-09-21 04:00:00,22.0,35.75,Ianos
2020-09-19 13:00:00,2020-09-13 13:00:00,2020-09-21 04:00:00,22.0,35.5,Ianos
2020-09-19 14:00:00,2020-09-13 13:00:00,2020-09-21 04:00:00,22.0,35.5,Ianos
2020-09-19 15:00:00,2020-09-13 13:00:00,2020-09-21 04:00:00,22.25,35.25,Ianos
2020-09-19 16:00:00,2020-09-13 13:00:00,2020-09-21 04:00:00,22.25,35.0,Ianos
2020-09-19 17:00:00,2020-09-13 13:00:00,2020-09-21 04:00:00,22.25,35.0,Ianos
2020-09-19 18:00:00,2020-09-13 13:00:00,2020-09-21 04:00:00,22.5,34.75,Ianos
2020-09-19 19:00:00,2020-09-13 13:00:00,2020-09-21 04:00:00,22.5,34.5,Ianos
2020-09-19 20:00:00,2020-09-13 13:00:00,2020-09-21 04:00:00,22.75,34.25,Ianos
2020-09-19 21:00:00,2020-09-13 13:00:00,2020-09-21 04:00:00,23.0,34.25,Ianos
2020-09-19 22:00:00,2020-09-13 13:00:00,2020-09-21 04:00:00,23.25,34.25,Ianos
2020-09-19 23:00:00,2020-09-13 13:00:00,2020-09-21 04:00:00,23.5,34.25,Ianos
2020-09-20 00:00:00,2020-09-13 13:00:00,2020-09-21 04:00:00,23.5,34.0,Ianos
2020-09-20 01:00:00,2020-09-13 13:00:00,2020-09-21 04:00:00,23.75,34.0,Ianos
2020-09-20 02:00:00,2020-09-13 13:00:00,2020-09-21 04:00:00,24.0,33.75,Ianos
2020-09-20 03:00:00,2020-09-13 13:00:00,2020-09-21 04:00:00,24.0,33.75,Ianos
2020-09-20 04:00:00,2020-09-13 13:00:00,2020-09-21 04:00:00,24.25,33.75,Ianos
2020-09-20 05:00:00,2020-09-13 13:00:00,2020-09-21 04:00:00,24.25,33.75,Ianos
2020-09-20 06:00:00,2020-09-13 13:00:00,2020-09-21 04:00:00,24.25,33.75,Ianos
2020-09-20 07:00:00,2020-09-13 13:00:00,2020-09-21 04:00:00,24.5,33.5,Ianos
2020-09-20 08:00:00,2020-09-13 13:00:00,2020-09-21 04:00:00,24.75,33.75,Ianos
2020-09-20 09:00:00,2020-09-13 13:00:00,2020-09-21 04:00:00,24.75,33.5,Ianos
2020-09-20 10:00:00,2020-09-13 13:00:00,2020-09-21 04:00:00,24.75,33.25,Ianos
2020-09-20 11:00:00,2020-09-13 13:00:00,2020-09-21 04:00:00,25.0,33.25,Ianos
2020-09-20 12:00:00,2020-09-13 13:00:00,2020-09-21 04:00:00,25.25,33.0,Ianos
2020-09-20 13:00:00,2020-09-13 13:00:00,2020-09-21 04:00:00,25.25,33.0,Ianos
2020-09-20 14:00:00,2020-09-13 13:00:00,2020-09-21 04:00:00,25.5,33.0,Ianos
2020-09-20 15:00:00,2020-09-13 13:00:00,2020-09-21 04:00:00,25.5,32.75,Ianos
2020-09-20 16:00:00,2020-09-13 13:00:00,2020-09-21 04:00:00,25.75,32.75,Ianos
2020-09-20 17:00:00,2020-09-13 13:00:00,2020-09-21 04:00:00,25.75,32.5,Ianos
2020-09-20 18:00:00,2020-09-13 13:00:00,2020-09-21 04:00:00,26.0,32.5,Ianos
2020-09-20 19:00:00,2020-09-13 13:00:00,2020-09-21 04:00:00,26.0,32.25,Ianos
2020-09-20 20:00:00,2020-09-13 13:00:00,2020-09-21 04:00:00,26.25,32.25,Ianos
2020-09-20 21:00:00,2020-09-13 13:00:00,2020-09-21 04:00:00,26.25,32.0,Ianos
2020-09-20 22:00:00,2020-09-13 13:00:00,2020-09-21 04:00:00,26.25,32.0,Ianos
2020-09-20 23:00:00,2020-09-13 13:00:00,2020-09-21 04:00:00,26.5,32.0,Ianos
2020-09-21 00:00:00,2020-09-13 13:00:00,2020-09-21 04:00:00,26.5,31.75,Ianos
2020-09-21 01:00:00,2020-09-13 13:00:00,2020-09-21 04:00:00,26.5,31.75,Ianos
2020-09-21 02:00:00,2020-09-13 13:00:00,2020-09-21 04:00:00,26.75,31.75,Ianos
2020-09-21 03:00:00,2020-09-13 13:00:00,2020-09-21 04:00:00,27.0,31.75,Ianos
2020-09-21 04:00:00,2020-09-13 13:00:00,2020-09-21 04:00:00,28.25,31.5,Ianos
2023-02-26 19:00:00,2023-02-26 19:00:00,2023-03-03 08:00:00,0.0,38.25,Juliette
2023-02-26 20:00:00,2023-02-26 19:00:00,2023-03-03 08:00:00,0.25,38.25,Juliette
2023-02-26 21:00:00,2023-02-26 19:00:00,2023-03-03 08:00:00,0.5,38.25,Juliette
2023-02-26 22:00:00,2023-02-26 19:00:00,2023-03-03 08:00:00,1.0,38.25,Juliette
2023-02-26 23:00:00,2023-02-26 19:00:00,2023-03-03 08:00:00,1.25,38.0,Juliette
2023-02-27 00:00:00,2023-02-26 19:00:00,2023-03-03 08:00:00,1.5,38.0,Juliette
2023-02-27 01:00:00,2023-02-26 19:00:00,2023-03-03 08:00:00,2.0,38.0,Juliette
2023-02-27 02:00:00,2023-02-26 19:00:00,2023-03-03 08:00:00,2.25,37.75,Juliette
2023-02-27 03:00:00,2023-02-26 19:00:00,2023-03-03 08:00:00,2.75,37.75,Juliette
2023-02-27 04:00:00,2023-02-26 19:00:00,2023-03-03 08:00:00,3.0,37.75,Juliette
2023-02-27 05:00:00,2023-02-26 19:00:00,2023-03-03 08:00:00,3.0,37.75,Juliette
2023-02-27 06:00:00,2023-02-26 19:00:00,2023-03-03 08:00:00,3.25,38.0,Juliette
2023-02-27 07:00:00,2023-02-26 19:00:00,2023-03-03 08:00:00,3.5,38.0,Juliette
2023-02-27 08:00:00,2023-02-26 19:00:00,2023-03-03 08:00:00,3.75,38.0,Juliette
2023-02-27 09:00:00,2023-02-26 19:00:00,2023-03-03 08:00:00,4.0,38.25,Juliette
2023-02-27 10:00:00,2023-02-26 19:00:00,2023-03-03 08:00:00,4.25,38.5,Juliette
2023-02-27 11:00:00,2023-02-26 19:00:00,2023-03-03 08:00:00,4.25,38.5,Juliette
2023-02-27 12:00:00,2023-02-26 19:00:00,2023-03-03 08:00:00,4.25,38.75,Juliette
2023-02-27 13:00:00,2023-02-26 19:00:00,2023-03-03 08:00:00,4.5,39.0,Juliette
2023-02-27 14:00:00,2023-02-26 19:00:00,2023-03-03 08:00:00,4.5,39.25,Juliette
2023-02-27 15:00:00,2023-02-26 19:00:00,2023-03-03 08:00:00,4.25,39.5,Juliette
2023-02-27 16:00:00,2023-02-26 19:00:00,2023-03-03 08:00:00,4.25,39.5,Juliette
2023-02-27 17:00:00,2023-02-26 19:00:00,2023-03-03 08:00:00,4.25,39.5,Juliette
2023-02-27 18:00:00,2023-02-26 19:00:00,2023-03-03 08:00:00,4.25,39.5,Juliette
2023-02-27 19:00:00,2023-02-26 19:00:00,2023-03-03 08:00:00,4.5,39.5,Juliette
2023-02-27 20:00:00,2023-02-26 19:00:00,2023-03-03 08:00:00,4.5,39.5,Juliette
2023-02-27 21:00:00,2023-02-26 19:00:00,2023-03-03 08:00:00,4.75,39.5,Juliette
2023-02-27 22:00:00,2023-02-26 19:00:00,2023-03-03 08:00:00,5.0,39.5,Juliette
2023-02-27 23:00:00,2023-02-26 19:00:00,2023-03-03 08:00:00,5.0,39.75,Juliette
2023-02-28 00:00:00,2023-02-26 19:00:00,2023-03-03 08:00:00,5.0,39.75,Juliette
2023-02-28 01:00:00,2023-02-26 19:00:00,2023-03-03 08:00:00,5.0,40.0,Juliette
2023-02-28 02:00:00,2023-02-26 19:00:00,2023-03-03 08:00:00,5.0,40.0,Juliette
2023-02-28 03:00:00,2023-02-26 19:00:00,2023-03-03 08:00:00,4.75,40.0,Juliette
2023-02-28 04:00:00,2023-02-26 19:00:00,2023-03-03 08:00:00,4.75,40.0,Juliette
2023-02-28 05:00:00,2023-02-26 19:00:00,2023-03-03 08:00:00,4.5,39.75,Juliette
2023-02-28 06:00:00,2023-02-26 19:00:00,2023-03-03 08:00:00,4.5,39.75,Juliette
2023-02-28 07:00:00,2023-02-26 19:00:00,2023-03-03 08:00:00,4.5,39.5,Juliette
2023-02-28 08:00:00,2023-02-26 19:00:00,2023-03-03 08:00:00,4.5,39.5,Juliette
2023-02-28 09:00:00,2023-02-26 19:00:00,2023-03-03 08:00:00,4.5,39.25,Juliette
2023-02-28 10:00:00,2023-02-26 19:00:00,2023-03-03 08:00:00,4.75,39.25,Juliette
2023-02-28 11:00:00,2023-02-26 19:00:00,2023-03-03 08:00:00,4.75,39.25,Juliette
2023-02-28 12:00:00,2023-02-26 19:00:00,2023-03-03 08:00:00,4.75,39.0,Juliette
2023-02-28 13:00:00,2023-02-26 19:00:00,2023-03-03 08:00:00,5.0,39.0,Juliette
2023-02-28 14:00:00,2023-02-26 19:00:00,2023-03-03 08:00:00,5.25,38.75,Juliette
2023-02-28 15:00:00,2023-02-26 19:00:00,2023-03-03 08:00:00,5.25,38.75,Juliette
2023-02-28 16:00:00,2023-02-26 19:00:00,2023-03-03 08:00:00,5.5,38.5,Juliette
2023-02-28 17:00:00,2023-02-26 19:00:00,2023-03-03 08:00:00,6.0,38.5,Juliette
2023-02-28 18:00:00,2023-02-26 19:00:00,2023-03-03 08:00:00,6.25,38.5,Juliette
2023-02-28 19:00:00,2023-02-26 19:00:00,2023-03-03 08:00:00,6.5,38.5,Juliette
2023-02-28 20:00:00,2023-02-26 19:00:00,2023-03-03 08:00:00,7.0,38.5,Juliette
2023-02-28 21:00:00,2023-02-26 19:00:00,2023-03-03 08:00:00,7.25,38.5,Juliette
2023-02-28 22:00:00,2023-02-26 19:00:00,2023-03-03 08:00:00,7.5,38.5,Juliette
2023-02-28 23:00:00,2023-02-26 19:00:00,2023-03-03 08:00:00,7.75,38.25,Juliette
2023-03-01 00:00:00,2023-02-26 19:00:00,2023-03-03 08:00:00,8.0,38.25,Juliette
2023-03-01 01:00:00,2023-02-26 19:00:00,2023-03-03 08:00:00,8.25,38.25,Juliette
2023-03-01 02:00:00,2023-02-26 19:00:00,2023-03-03 08:00:00,8.5,38.25,Juliette
2023-03-01 03:00:00,2023-02-26 19:00:00,2023-03-03 08:00:00,9.0,38.25,Juliette
2023-03-01 04:00:00,2023-02-26 19:00:00,2023-03-03 08:00:00,9.0,38.5,Juliette
2023-03-01 05:00:00,2023-02-26 19:00:00,2023-03-03 08:00:00,9.5,38.5,Juliette
2023-03-01 06:00:00,2023-02-26 19:00:00,2023-03-03 08:00:00,9.5,38.75,Juliette
2023-03-01 07:00:00,2023-02-26 19:00:00,2023-03-03 08:00:00,9.75,38.75,Juliette
2023-03-01 08:00:00,2023-02-26 19:00:00,2023-03-03 08:00:00,9.75,39.0,Juliette
2023-03-01 09:00:00,2023-02-26 19:00:00,2023-03-03 08:00:00,10.0,39.25,Juliette
2023-03-01 10:00:00,2023-02-26 19:00:00,2023-03-03 08:00:00,10.25,39.25,Juliette
2023-03-01 11:00:00,2023-02-26 19:00:00,2023-03-03 08:00:00,10.25,39.5,Juliette
2023-03-01 12:00:00,2023-02-26 19:00:00,2023-03-03 08:00:00,10.5,39.75,Juliette
2023-03-01 13:00:00,2023-02-26 19:00:00,2023-03-03 08:00:00,10.5,39.75,Juliette
2023-03-01 14:00:00,2023-02-26 19:00:00,2023-03-03 08:00:00,10.5,40.0,Juliette
2023-03-01 15:00:00,2023-02-26 19:00:00,2023-03-03 08:00:00,10.5,40.0,Juliette
2023-03-01 16:00:00,2023-02-26 19:00:00,2023-03-03 08:00:00,10.5,40.0,Juliette
2023-03-01 17:00:00,2023-02-26 19:00:00,2023-03-03 08:00:00,10.75,40.0,Juliette
2023-03-01 18:00:00,2023-02-26 19:00:00,2023-03-03 08:00:00,10.75,40.0,Juliette
2023-03-01 19:00:00,2023-02-26 19:00:00,2023-03-03 08:00:00,10.75,40.25,Juliette
2023-03-01 20:00:00,2023-02-26 19:00:00,2023-03-03 08:00:00,10.75,40.25,Juliette
2023-03-01 21:00:00,2023-02-26 19:00:00,2023-03-03 08:00:00,10.75,40.5,Juliette
2023-03-01 22:00:00,2023-02-26 19:00:00,2023-03-03 08:00:00,10.75,40.5,Juliette
2023-03-01 23:00:00,2023-02-26 19:00:00,2023-03-03 08:00:00,10.75,40.5,Juliette
2023-03-02 00:00:00,2023-02-26 19:00:00,2023-03-03 08:00:00,10.75,40.5,Juliette
2023-03-02 01:00:00,2023-02-26 19:00:00,2023-03-03 08:00:00,11.0,40.5,Juliette
2023-03-02 02:00:00,2023-02-26 19:00:00,2023-03-03 08:00:00,11.0,40.5,Juliette
2023-03-02 03:00:00,2023-02-26 19:00:00,2023-03-03 08:00:00,11.0,40.5,Juliette
2023-03-02 04:00:00,2023-02-26 19:00:00,2023-03-03 08:00:00,11.0,40.5,Juliette
2023-03-02 05:00:00,2023-02-26 19:00:00,2023-03-03 08:00:00,11.25,40.5,Juliette
2023-03-02 06:00:00,2023-02-26 19:00:00,2023-03-03 08:00:00,11.25,40.5,Juliette
2023-03-02 07:00:00,2023-02-26 19:00:00,2023-03-03 08:00:00,11.25,40.5,Juliette
2023-03-02 08:00:00,2023-02-26 19:00:00,2023-03-03 08:00:00,11.25,40.5,Juliette
2023-03-02 09:00:00,2023-02-26 19:00:00,2023-03-03 08:00:00,11.25,40.75,Juliette
2023-03-02 10:00:00,2023-02-26 19:00:00,2023-03-03 08:00:00,11.25,40.75,Juliette
2023-03-02 11:00:00,2023-02-26 19:00:00,2023-03-03 08:00:00,11.0,41.0,Juliette
2023-03-02 12:00:00,2023-02-26 19:00:00,2023-03-03 08:00:00,11.0,41.25,Juliette
2023-03-02 13:00:00,2023-02-26 19:00:00,2023-03-03 08:00:00,11.0,41.25,Juliette
2023-03-02 14:00:00,2023-02-26 19:00:00,2023-03-03 08:00:00,10.75,41.5,Juliette
2023-03-02 15:00:00,2023-02-26 19:00:00,2023-03-03 08:00:00,10.75,41.5,Juliette
2023-03-02 16:00:00,2023-02-26 19:00:00,2023-03-03 08:00:00,10.75,41.5,Juliette
2023-03-02 17:00:00,2023-02-26 19:00:00,2023-03-03 08:00:00,10.75,41.5,Juliette
2023-03-02 18:00:00,2023-02-26 19:00:00,2023-03-03 08:00:00,10.5,41.5,Juliette
2023-03-02 19:00:00,2023-02-26 19:00:00,2023-03-03 08:00:00,10.5,41.5,Juliette
2023-03-02 20:00:00,2023-02-26 19:00:00,2023-03-03 08:00:00,10.5,41.75,Juliette
2023-03-02 21:00:00,2023-02-26 19:00:00,2023-03-03 08:00:00,10.5,41.75,Juliette
2023-03-02 22:00:00,2023-02-26 19:00:00,2023-03-03 08:00:00,10.25,41.75,Juliette
2023-03-02 23:00:00,2023-02-26 19:00:00,2023-03-03 08:00:00,10.0,42.0,Juliette
2023-03-03 00:00:00,2023-02-26 19:00:00,2023-03-03 08:00:00,10.0,42.0,Juliette
2023-03-03 01:00:00,2023-02-26 19:00:00,2023-03-03 08:00:00,10.0,42.0,Juliette
2023-03-03 02:00:00,2023-02-26 19:00:00,2023-03-03 08:00:00,10.0,42.0,Juliette
2023-03-03 03:00:00,2023-02-26 19:00:00,2023-03-03 08:00:00,8.5,42.0,Juliette
2023-03-03 04:00:00,2023-02-26 19:00:00,2023-03-03 08:00:00,7.75,41.0,Juliette
2023-03-03 05:00:00,2023-02-26 19:00:00,2023-03-03 08:00:00,7.75,41.0,Juliette
2023-03-03 06:00:00,2023-02-26 19:00:00,2023-03-03 08:00:00,7.5,40.75,Juliette
2023-03-03 07:00:00,2023-02-26 19:00:00,2023-03-03 08:00:00,7.5,40.5,Juliette
2023-03-03 08:00:00,2023-02-26 19:00:00,2023-03-03 08:00:00,7.5,40.25,Juliette
