path,has_target,pred_x,pred_y,target_x,target_y,err_px,err_km,tile_offset_x,tile_offset_y,pred_x_global,pred_y_global,pred_lat,pred_lon,target_x_global,target_y_global,target_lat,target_lon
08-11-2021_1700_426_0,1,44,169,12,174,32.90238137187429,101.50800481904868,426.0,0.0,470,169,38.92,8.16,438,174,38.72,7.01
27-02-2023_2300_213_0,1,172,153,171,150,2.6806178329125956,14.187871817060955,213.0,0.0,385,153,39.59,5.04,384,150,39.71,5.0
28-02-2023_1500_213_0,1,179,178,176,175,3.8377964610336743,16.77325945277217,213.0,0.0,392,178,38.58,5.37,389,175,38.7,5.25
01-03-2023_0800_426_0,1,90,175,88,168,7.432558258097849,31.727654321201168,426.0,0.0,516,175,38.68,9.81,514,168,38.96,9.74
02-03-2023_0000_426_0,1,116,131,115,131,0.5006399401720352,3.1232073123646793,426.0,0.0,542,131,40.47,10.78,541,131,40.47,10.74
05-09-2023_0800_639_196,1,160,30,154,32,6.511661399589366,22.092780630232408,639.0,196.0,799,226,36.8,19.74,793,228,36.72,19.51
06-09-2023_0000_639_196,1,128,81,125,78,4.299660024234856,14.673959927231252,639.0,196.0,767,277,34.85,18.35,764,274,34.96,18.26
06-09-2023_1600_639_196,1,111,80,110,78,2.844525663833619,8.517475651598392,639.0,196.0,750,276,34.88,17.76,749,274,34.95,17.74
07-09-2023_0800_639_196,1,132,106,128,105,3.6690008392798403,12.762850724397778,639.0,196.0,771,302,33.93,18.37,767,301,33.97,18.24
08-09-2023_0500_639_196,1,128,93,127,98,5.286222930788956,21.113236010476708,639.0,196.0,767,289,34.41,18.29,766,294,34.22,18.24
08-09-2023_2100_639_196,1,117,114,114,112,3.4289342612510243,11.714892382651689,639.0,196.0,756,310,33.63,17.83,753,308,33.71,17.73
09-09-2023_1300_639_196,1,146,132,146,133,0.5102704684293705,4.006251547119138,639.0,196.0,785,328,33.0,18.73,785,329,32.97,18.73
08-11-2021_1800_426_0,1,25,179,12,174,14.028569115664784,46.83152453374686,426.0,0.0,451,179,38.52,7.48,438,174,38.72,7.01
28-02-2023_0000_213_0,1,176,148,171,150,5.806303774305216,17.566485596348723,213.0,0.0,389,148,39.79,5.17,384,150,39.71,5.0
28-02-2023_1600_213_0,1,184,182,183,181,1.586545495294716,5.563667111658081,213.0,0.0,397,182,38.42,5.56,396,181,38.46,5.52
01-03-2023_0900_426_0,1,95,166,95,162,3.6594338130604744,17.908780039638145,426.0,0.0,521,166,39.04,9.99,521,162,39.2,9.99
02-03-2023_0100_426_0,1,124,131,122,131,1.8176641033397,6.247696108537339,426.0,0.0,550,131,40.47,11.07,548,131,40.47,11.0
05-09-2023_0900_639_196,1,142,42,148,39,7.097867475361265,24.399380629404785,639.0,196.0,781,238,36.33,19.03,787,235,36.44,19.26
06-09-2023_0100_639_196,1,135,79,132,78,3.5013010584659696,9.849497118215107,639.0,196.0,774,275,34.93,18.6,771,274,34.96,18.5
06-09-2023_1700_639_196,1,113,85,111,84,2.490651491096745,7.116005759877408,639.0,196.0,752,281,34.69,17.81,750,280,34.73,17.75
07-09-2023_0900_639_196,1,119,92,135,105,20.68492405335596,68.75169829170018,639.0,196.0,758,288,34.44,17.99,774,301,33.97,18.48
08-09-2023_0600_639_196,1,129,97,127,98,2.0292498270714394,7.914545664076582,639.0,196.0,768,293,34.26,18.31,766,294,34.22,18.24
08-09-2023_2200_639_196,1,107,121,108,119,2.082044904632886,8.951744977626218,639.0,196.0,746,317,33.38,17.46,747,315,33.45,17.5
09-09-2023_1400_639_196,1,151,135,146,133,5.317557885525462,16.766882774233967,639.0,196.0,790,331,32.9,18.89,785,329,32.97,18.73
08-11-2021_1900_426_0,1,15,184,11,181,4.606343564665377,18.507309815614494,426.0,0.0,441,184,38.33,7.13,437,181,38.45,6.99
28-02-2023_0100_213_0,1,173,146,172,144,1.7320993033376066,9.86234235216432,213.0,0.0,386,146,39.87,5.06,385,144,39.95,5.02
28-02-2023_1700_213_0,1,197,180,197,181,1.0944160464273893,4.421615514675029,213.0,0.0,410,180,38.49,6.02,410,181,38.45,6.02
01-03-2023_1000_426_0,1,106,158,102,162,6.090965735379462,22.000374817665282,426.0,0.0,532,158,39.36,10.39,528,162,39.2,10.25
02-03-2023_0200_426_0,1,125,131,122,131,3.0663844129538806,9.371686698848077,426.0,0.0,551,131,40.47,11.11,548,131,40.47,11.0
05-09-2023_1000_639_196,1,151,39,148,39,2.998023799031213,9.531995537305042,639.0,196.0,790,235,36.45,19.36,787,235,36.44,19.26
06-09-2023_0200_639_196,1,131,79,132,78,1.3049514370229391,5.519954780209126,639.0,196.0,770,275,34.93,18.46,771,274,34.96,18.5
06-09-2023_1800_639_196,1,108,85,104,84,4.577730141017017,12.782636294284718,639.0,196.0,747,281,34.69,17.64,743,280,34.72,17.51
07-09-2023_1000_639_196,1,132,90,135,105,15.178320764967301,61.0131973129595,639.0,196.0,771,286,34.52,18.44,774,301,33.97,18.48
08-09-2023_0700_639_196,1,126,92,119,91,6.776730508854382,21.93296219661537,639.0,196.0,765,288,34.44,18.23,758,287,34.48,17.99
08-09-2023_2300_639_196,1,112,117,108,119,4.209988107687064,15.63251542909441,639.0,196.0,751,313,33.52,17.65,747,315,33.45,17.5
09-09-2023_1500_639_196,1,153,134,154,133,1.7906196642347005,5.399819029393435,639.0,196.0,792,330,32.94,18.96,793,329,32.97,19.0
08-11-2021_2000_426_0,1,13,183,11,181,2.2484237474728035,10.992257673366153,426.0,0.0,439,183,38.37,7.06,437,181,38.45,6.99
28-02-2023_0200_213_0,1,173,144,172,144,0.7354033788786598,3.1352447746488,213.0,0.0,386,144,39.95,5.05,385,144,39.95,5.02
28-02-2023_1800_213_0,1,204,180,203,181,1.5417640223849585,5.282753738245737,213.0,0.0,417,180,38.49,6.27,416,181,38.45,6.23
01-03-2023_1100_426_0,1,101,159,102,156,3.5963378309933254,13.898142617519161,426.0,0.0,527,159,39.32,10.21,528,156,39.44,10.25
02-03-2023_0300_426_0,1,122,135,122,131,3.9858094861118616,18.423083188119445,426.0,0.0,548,135,40.3,11.0,548,131,40.47,11.0
05-09-2023_1100_639_196,1,142,38,140,38,2.0113171487347774,6.345707730461423,639.0,196.0,781,234,36.48,19.05,779,234,36.48,18.98
06-09-2023_0300_639_196,1,134,80,132,78,2.690519065981967,9.774401751494725,639.0,196.0,773,276,34.89,18.56,771,274,34.96,18.5
06-09-2023_1900_639_196,1,107,86,104,84,3.7338290122936706,11.811661521787132,639.0,196.0,746,282,34.65,17.6,743,280,34.72,17.51
07-09-2023_1100_639_196,1,121,92,143,105,26.08389290735596,82.08534263636655,639.0,196.0,760,288,34.44,18.06,782,301,33.98,18.75
08-09-2023_0800_639_196,1,127,97,127,98,0.9418585076026075,4.094574837451645,639.0,196.0,766,293,34.26,18.24,766,294,34.22,18.24
09-09-2023_0000_639_196,1,114,117,115,119,2.0895912019624214,8.329858531162525,639.0,196.0,753,313,33.52,17.71,754,315,33.45,17.74
09-09-2023_1600_639_196,1,157,140,155,140,1.763379327048113,6.305321304850471,639.0,196.0,796,336,32.72,19.07,794,336,32.72,19.0
08-11-2021_2100_426_0,1,14,184,11,181,4.535911116390647,16.481139214976633,426.0,0.0,440,184,38.33,7.1,437,181,38.45,6.99
28-02-2023_0300_213_0,1,166,144,165,144,1.3414950400035395,3.137206477088836,213.0,0.0,379,144,39.96,4.8,378,144,39.96,4.76
28-02-2023_1900_213_0,1,208,177,210,181,4.6234795270117885,19.04047240164325,213.0,0.0,421,177,38.61,6.41,423,181,38.45,6.48
01-03-2023_1200_426_0,1,111,146,109,149,3.816278423349766,15.083680728667535,426.0,0.0,537,146,39.85,10.58,535,149,39.73,10.51
02-03-2023_0400_426_0,1,123,132,122,131,1.9150756300563674,5.507710068013487,426.0,0.0,549,132,40.43,11.04,548,131,40.47,11.0
05-09-2023_1200_639_196,1,145,47,141,45,4.1391879906343,14.272569295210019,639.0,196.0,784,243,36.14,19.11,780,241,36.21,18.98
06-09-2023_0400_639_196,1,134,87,133,85,2.766231732187032,8.464599625790392,639.0,196.0,773,283,34.63,18.53,772,281,34.71,18.5
06-09-2023_2000_639_196,1,106,90,105,91,1.4230788167600172,5.440409122525869,639.0,196.0,745,286,34.5,17.55,744,287,34.47,17.51
07-09-2023_1200_639_196,1,155,90,150,105,15.27001078914081,65.52346205411382,639.0,196.0,794,286,34.54,19.24,789,301,33.98,18.99
08-09-2023_0900_639_196,1,120,102,120,98,3.5347865086510946,16.342231442153338,639.0,196.0,759,298,34.07,17.98,759,294,34.22,18.0
09-09-2023_0100_639_196,1,120,127,116,126,3.7777412771847496,12.745706605426028,639.0,196.0,759,323,33.17,17.88,755,322,33.2,17.75
09-09-2023_1700_639_196,1,164,142,162,140,2.7077793095176435,9.517157749667017,639.0,196.0,803,338,32.66,19.3,801,336,32.73,19.24
08-11-2021_2200_426_0,1,17,185,18,181,4.418772371995777,17.799297920484292,426.0,0.0,443,185,38.29,7.21,444,181,38.44,7.24
28-02-2023_0400_213_0,1,162,144,165,144,2.8522589485027545,9.413364570205195,213.0,0.0,375,144,39.96,4.65,378,144,39.96,4.76
28-02-2023_2100_426_0,1,15,184,18,181,4.794855764023657,15.926219036300731,426.0,0.0,441,184,38.33,7.13,444,181,38.44,7.24
01-03-2023_1300_426_0,1,111,147,109,149,3.1450138627978292,11.102861004235479,426.0,0.0,537,147,39.81,10.58,535,149,39.73,10.51
02-03-2023_0500_426_0,1,128,130,129,131,0.749855778283299,5.50280959459115,426.0,0.0,554,130,40.51,11.22,555,131,40.47,11.26
05-09-2023_1300_639_196,1,137,47,134,45,3.6645900950476875,11.876379588806817,639.0,196.0,776,243,36.13,18.83,773,241,36.21,18.73
06-09-2023_0500_639_196,1,132,86,133,85,1.655728224573333,5.500688873030138,639.0,196.0,771,282,34.67,18.46,772,281,34.71,18.5
06-09-2023_2100_639_196,1,107,97,105,91,5.925200722184204,24.699004647734007,639.0,196.0,746,293,34.25,17.56,744,287,34.47,17.51
07-09-2023_1300_639_196,1,117,88,149,99,34.30871078597112,105.34274856291863,639.0,196.0,756,284,34.58,17.94,788,295,34.2,18.99
08-09-2023_1000_639_196,1,127,98,127,98,0.44963026698865893,0.0,639.0,196.0,766,294,34.22,18.24,766,294,34.22,18.24
09-09-2023_0200_639_196,1,122,128,123,126,2.437386295422507,8.943117918872757,639.0,196.0,761,324,33.13,17.94,762,322,33.2,17.98
09-09-2023_1800_639_196,1,164,139,162,140,2.0564667519768696,7.891971952541678,639.0,196.0,803,335,32.76,19.31,801,336,32.73,19.24
08-11-2021_2300_426_0,1,18,185,18,181,3.735844444125734,17.632591866915824,426.0,0.0,444,185,38.29,7.24,444,181,38.44,7.24
28-02-2023_0500_213_0,1,157,149,158,150,0.900438608046388,5.72709620429367,213.0,0.0,370,149,39.76,4.48,371,150,39.71,4.52
28-02-2023_2200_426_0,1,24,188,25,181,6.998062086877591,30.87581649111846,426.0,0.0,450,188,38.17,7.46,451,181,38.44,7.49
01-03-2023_1400_426_0,1,109,144,109,143,1.4214562639365569,4.560331592045709,426.0,0.0,535,144,39.93,10.51,535,143,39.97,10.51
02-03-2023_0600_426_0,1,129,133,129,131,1.8660328603926366,9.221334377681373,426.0,0.0,555,133,40.39,11.26,555,131,40.47,11.26
05-09-2023_1400_639_196,1,139,44,134,45,4.9621109329956905,16.94788734607696,639.0,196.0,778,240,36.25,18.91,773,241,36.21,18.73
06-09-2023_0600_639_196,1,129,87,126,85,3.712086719082135,11.769400181248624,639.0,196.0,768,283,34.63,18.35,765,281,34.7,18.26
06-09-2023_2200_639_196,1,110,100,105,98,5.566428159787744,16.877553966340972,639.0,196.0,749,296,34.14,17.65,744,294,34.21,17.48
07-09-2023_1400_639_196,1,144,82,150,105,23.469934771867816,94.01527307477879,639.0,196.0,783,278,34.82,18.89,789,301,33.98,18.99
08-09-2023_1100_639_196,1,113,91,112,91,1.0559155030632157,3.1434865460930275,639.0,196.0,752,287,34.47,17.79,751,287,34.47,17.75
09-09-2023_0300_639_196,1,122,127,123,126,1.9494422998099314,5.3684636142340425,639.0,196.0,761,323,33.17,17.95,762,322,33.2,17.98
09-09-2023_1900_639_196,1,175,148,171,148,4.499237189660421,12.638313752895455,639.0,196.0,814,344,32.45,19.64,810,344,32.45,19.51
09-11-2021_0000_426_0,1,17,184,18,181,3.2616542679029457,13.486359298405555,426.0,0.0,443,184,38.33,7.2,444,181,38.44,7.24
28-02-2023_0600_213_0,1,160,153,158,150,3.4941278055466567,15.436860825425375,213.0,0.0,373,153,39.59,4.6,371,150,39.71,4.52
28-02-2023_2300_426_0,1,31,184,32,187,2.7759933606564364,13.636546172182523,426.0,0.0,457,184,38.32,7.7,458,187,38.2,7.74
01-03-2023_1500_426_0,1,110,144,109,143,2.0540982139506063,5.483485374802221,426.0,0.0,536,144,39.93,10.55,535,143,39.97,10.51
02-03-2023_0700_426_0,1,128,129,129,131,1.7497067744653072,9.670246550154896,426.0,0.0,554,129,40.55,11.22,555,131,40.47,11.26
05-09-2023_1500_639_196,1,122,54,128,51,6.5910151946320985,24.113065468232787,639.0,196.0,761,250,35.86,18.26,767,247,35.97,18.49
06-09-2023_0700_639_196,1,130,80,125,78,5.868067058491563,16.88933079925291,639.0,196.0,769,276,34.89,18.42,764,274,34.96,18.26
06-09-2023_2300_639_196,1,111,100,105,98,6.492714364682787,19.687077639141165,639.0,196.0,750,296,34.14,17.68,744,294,34.21,17.48
07-09-2023_1500_639_196,1,135,84,150,105,25.633234572533535,92.96326093937627,639.0,196.0,774,280,34.74,18.57,789,301,33.98,18.99
08-09-2023_1200_639_196,1,113,91,112,91,1.082516127918909,3.1434865460930275,639.0,196.0,752,287,34.47,17.79,751,287,34.47,17.75
09-09-2023_0400_639_196,1,124,129,123,126,2.6666903010647514,12.093180206882966,639.0,196.0,763,325,33.1,18.0,762,322,33.2,17.98
09-09-2023_2000_639_196,1,172,149,171,148,1.0301112997691366,4.741492372876528,639.0,196.0,811,345,32.41,19.53,810,344,32.45,19.51
09-11-2021_0100_426_0,1,17,185,18,181,4.011614803376231,17.799297920484292,426.0,0.0,443,185,38.29,7.21,444,181,38.44,7.24
28-02-2023_0700_213_0,1,155,157,157,156,2.703610658472121,7.441144697687448,213.0,0.0,368,157,39.43,4.43,370,156,39.47,4.5
01-03-2023_0000_426_0,1,44,188,39,187,5.04172848421222,16.25049236332126,426.0,0.0,470,188,38.16,8.17,465,187,38.2,7.99
01-03-2023_1600_426_0,1,111,143,109,143,2.5081747160103838,6.239837728151371,426.0,0.0,537,143,39.97,10.58,535,143,39.97,10.51
02-03-2023_0800_426_0,1,127,131,129,131,2.2126822092021174,6.248691579214616,426.0,0.0,553,131,40.47,11.18,555,131,40.47,11.26
05-09-2023_1600_639_196,1,132,60,129,58,3.1493769743402664,11.844435354787295,639.0,196.0,771,256,35.64,18.58,768,254,35.71,18.49
06-09-2023_0800_639_196,1,128,85,126,85,1.7011408004573692,6.304192211699885,639.0,196.0,767,281,34.7,18.33,765,281,34.7,18.26
07-09-2023_0000_639_196,1,107,99,105,98,2.7974858979162494,7.104733376412095,639.0,196.0,746,295,34.17,17.55,744,294,34.21,17.48
07-09-2023_1600_639_196,1,124,96,149,99,25.27818370258873,78.2688137192222,639.0,196.0,763,292,34.29,18.14,788,295,34.2,18.99
08-09-2023_1300_639_196,1,120,93,119,91,1.7709799033157985,8.44657810518217,639.0,196.0,759,289,34.4,18.02,758,287,34.48,17.99
09-09-2023_0500_639_196,1,132,128,131,126,2.3093915118067883,8.277182229127547,639.0,196.0,771,324,33.14,18.28,770,322,33.21,18.25
09-09-2023_2100_639_196,1,177,147,178,148,1.9502929542832415,4.7392859530635185,639.0,196.0,816,343,32.49,19.71,817,344,32.45,19.74
09-11-2021_0200_426_0,1,18,184,18,181,3.1317986816764147,13.22995020974509,426.0,0.0,444,184,38.32,7.24,444,181,38.44,7.24
28-02-2023_0800_213_0,1,157,160,157,156,4.063836106592266,18.066944827214247,213.0,0.0,370,160,39.31,4.52,370,156,39.47,4.5
01-03-2023_0100_426_0,1,46,189,46,187,1.734240611507129,8.775417352549304,426.0,0.0,472,189,38.12,8.24,472,187,38.2,8.24
01-03-2023_1700_426_0,1,111,147,115,143,5.230380618943721,22.267902366771846,426.0,0.0,537,147,39.81,10.58,541,143,39.97,10.73
02-03-2023_0900_426_0,1,128,127,129,125,2.6755820836847097,9.868878797672261,426.0,0.0,554,127,40.64,11.23,555,125,40.72,11.27
05-09-2023_1700_639_196,1,131,56,129,58,3.027362718253547,11.170120578743518,639.0,196.0,770,252,35.79,18.57,768,254,35.71,18.49
06-09-2023_0900_639_196,1,129,88,126,85,3.976105272194839,14.631836956937848,639.0,196.0,768,284,34.59,18.35,765,281,34.7,18.26
07-09-2023_0100_639_196,1,117,99,113,98,4.246557338893538,12.769112936276073,639.0,196.0,756,295,34.18,17.89,752,294,34.21,17.76
07-09-2023_1700_639_196,1,139,101,149,99,10.393495024353417,33.6046797826309,639.0,196.0,778,297,34.12,18.63,788,295,34.2,18.99
08-09-2023_1400_639_196,1,118,94,119,91,2.795862159219245,13.064261505328338,639.0,196.0,757,290,34.36,17.94,758,287,34.48,17.99
09-09-2023_0600_639_196,1,131,130,131,126,4.174466507638502,16.05450607519161,639.0,196.0,770,326,33.07,18.24,770,322,33.21,18.25
09-09-2023_2200_639_196,1,180,149,178,148,1.758767677639926,7.005352248308068,639.0,196.0,819,345,32.42,19.8,817,344,32.45,19.74
09-11-2021_0300_426_0,1,18,185,18,181,3.7621503083895163,17.632591866915824,426.0,0.0,444,185,38.29,7.24,444,181,38.44,7.24
28-02-2023_0900_213_0,1,157,161,156,162,1.283914120940189,5.283906177979364,213.0,0.0,370,161,39.27,4.52,369,162,39.23,4.49
01-03-2023_0200_426_0,1,54,189,53,187,2.479135456515061,9.353133878660152,426.0,0.0,480,189,38.12,8.53,479,187,38.2,8.49
01-03-2023_1800_426_0,1,110,142,115,143,4.921933576145656,16.1763561973038,426.0,0.0,536,142,40.01,10.55,541,143,39.97,10.73
02-03-2023_1000_426_0,1,129,127,129,125,2.1962271512581637,9.27400714554941,426.0,0.0,555,127,40.64,11.26,555,125,40.72,11.27
05-09-2023_1800_639_196,1,132,57,129,58,3.124944287770672,10.862867934881233,639.0,196.0,771,253,35.75,18.6,768,254,35.71,18.49
06-09-2023_1000_639_196,1,121,81,117,78,5.207216684595439,16.612535725387787,639.0,196.0,760,277,34.85,18.1,756,274,34.95,17.98
07-09-2023_0200_639_196,1,113,105,114,105,1.037126543829892,3.140699341332178,639.0,196.0,752,301,33.96,17.73,753,301,33.96,17.76
07-09-2023_1900_639_196,1,149,91,148,92,1.6319556253013365,5.510480176215048,639.0,196.0,788,287,34.49,19.02,787,288,34.46,18.98
08-09-2023_1500_639_196,1,116,100,113,98,3.406837193247951,11.755242482528613,639.0,196.0,755,296,34.14,17.85,752,294,34.21,17.76
09-09-2023_0700_639_196,1,131,127,131,126,0.7576876992962652,4.017495749881431,639.0,196.0,770,323,33.17,18.25,770,322,33.21,18.25
09-09-2023_2300_639_196,1,187,147,186,148,1.3334157726426041,5.417080661141275,639.0,196.0,826,343,32.49,20.05,825,344,32.46,20.01
09-11-2021_0400_426_0,1,18,184,18,181,2.686057934511715,13.22995020974509,426.0,0.0,444,184,38.32,7.24,444,181,38.44,7.24
28-02-2023_1000_213_0,1,162,162,163,162,1.1015825245479525,3.1333219075576935,213.0,0.0,375,162,39.22,4.71,376,162,39.22,4.74
01-03-2023_0300_426_0,1,75,185,67,187,7.762280688117379,26.334886321280734,426.0,0.0,501,185,38.28,9.27,493,187,38.2,8.99
01-03-2023_1900_426_0,1,116,138,115,137,1.403184798592328,5.496105509602986,426.0,0.0,542,138,40.18,10.77,541,137,40.22,10.74
02-03-2023_1100_426_0,1,123,123,122,119,3.973253108728348,18.819458822691978,426.0,0.0,549,123,40.8,11.05,548,119,40.97,11.01
05-09-2023_1900_639_196,1,125,65,123,65,1.826995649991998,6.312035176182162,639.0,196.0,764,261,35.44,18.32,762,261,35.44,18.25
06-09-2023_1100_639_196,1,110,79,110,78,0.9355121520991172,4.14403334114755,639.0,196.0,749,275,34.91,17.73,749,274,34.95,17.74
07-09-2023_0300_639_196,1,125,101,120,98,5.775466440612747,18.77778325329541,639.0,196.0,764,297,34.11,18.15,759,294,34.22,18.0
07-09-2023_2100_639_196,1,147,91,148,92,1.4744319875392868,4.852839023691434,639.0,196.0,786,287,34.49,18.96,787,288,34.46,18.98
08-09-2023_1600_639_196,1,115,100,113,98,2.3430444312268524,9.729108739930393,639.0,196.0,754,296,34.14,17.82,752,294,34.21,17.76
09-09-2023_0800_639_196,1,134,128,131,126,3.536137680324532,11.65081946010085,639.0,196.0,773,324,33.14,18.35,770,322,33.21,18.25
10-09-2023_0000_639_196,1,185,149,186,148,1.056710720822133,5.4129011780500305,639.0,196.0,824,345,32.42,19.97,825,344,32.46,20.01
09-11-2021_0500_426_0,1,19,184,18,181,3.490224296832734,13.69423052325761,426.0,0.0,445,184,38.32,7.28,444,181,38.44,7.24
28-02-2023_1100_213_0,1,164,163,163,162,1.0512622983828082,5.666247065382453,213.0,0.0,377,163,39.18,4.78,376,162,39.22,4.74
01-03-2023_0400_426_0,1,70,181,67,180,3.4428263569569366,10.350978308454811,426.0,0.0,496,181,38.44,9.09,493,180,38.48,8.99
01-03-2023_2000_426_0,1,115,136,115,137,1.4302326013980504,4.590297830059956,426.0,0.0,541,136,40.26,10.74,541,137,40.22,10.74
02-03-2023_1200_426_0,1,119,113,121,113,1.9125767518114318,6.256143077686654,426.0,0.0,545,113,41.22,10.91,547,113,41.22,10.98
05-09-2023_2000_639_196,1,128,72,124,71,4.669422994445248,12.791950937603929,639.0,196.0,767,268,35.18,18.39,763,267,35.22,18.25
06-09-2023_1200_639_196,1,114,76,117,78,3.9404727461919142,11.817163591723917,639.0,196.0,753,272,35.03,17.88,756,274,34.95,17.98
07-09-2023_0400_639_196,1,129,102,121,105,8.812707120351215,29.25181953704406,639.0,196.0,768,298,34.08,18.29,760,301,33.96,18.0
07-09-2023_2200_639_196,1,157,99,157,99,0.3380790262553024,0.0,639.0,196.0,796,295,34.21,19.26,796,295,34.21,19.26
08-09-2023_1700_639_196,1,115,100,113,98,2.7613518767686815,9.729108739930393,639.0,196.0,754,296,34.14,17.82,752,294,34.21,17.76
09-09-2023_0900_639_196,1,135,134,132,133,3.1708707986304985,9.803924550174559,639.0,196.0,774,330,32.92,18.35,771,329,32.96,18.26
10-09-2023_0100_639_196,1,193,149,193,148,0.7581261374149769,3.9800624988223494,639.0,196.0,832,345,32.43,20.24,832,344,32.46,20.25
09-11-2021_0600_426_0,1,43,160,11,181,38.093473702551094,134.6597896169543,426.0,0.0,469,160,39.28,8.11,437,181,38.45,6.99
28-02-2023_1200_213_0,1,167,171,163,169,4.499332400110697,15.895555794443327,213.0,0.0,380,171,38.86,4.91,376,169,38.94,4.76
01-03-2023_0500_426_0,1,80,179,81,180,1.014718149277153,5.404406996004193,426.0,0.0,506,179,38.52,9.45,507,180,38.48,9.49
01-03-2023_2100_426_0,1,118,129,115,131,3.5663482009443133,13.293146432740643,426.0,0.0,544,129,40.55,10.85,541,131,40.47,10.74
02-03-2023_1300_426_0,1,123,120,121,113,7.475963464020816,33.19501213872077,426.0,0.0,549,120,40.93,11.05,547,113,41.22,10.98
05-09-2023_2100_639_196,1,127,71,124,71,3.2590056042671036,9.465499748979441,639.0,196.0,766,267,35.22,18.36,763,267,35.22,18.25
06-09-2023_1300_639_196,1,107,80,110,78,3.426979370130083,13.246599322564814,639.0,196.0,746,276,34.87,17.63,749,274,34.95,17.74
07-09-2023_0500_639_196,1,127,103,128,105,2.2507145838455265,8.383528290735534,639.0,196.0,766,299,34.04,18.21,767,301,33.97,18.24
08-09-2023_0200_639_196,1,151,89,148,92,3.729263282571503,16.545979311982016,639.0,196.0,790,285,34.57,19.1,787,288,34.46,18.98
08-09-2023_1800_639_196,1,108,110,106,105,5.605099865904466,20.592649138643406,639.0,196.0,747,306,33.77,17.54,745,301,33.96,17.49
09-09-2023_1000_639_196,1,139,136,139,133,2.545010688533712,11.997396588562822,639.0,196.0,778,332,32.86,18.48,778,329,32.96,18.49
10-09-2023_0200_639_196,1,193,147,193,148,0.5948646162810736,3.98254872797214,639.0,196.0,832,343,32.5,20.25,832,344,32.46,20.25
27-02-2023_2100_213_0,1,158,159,164,156,6.51644337133546,22.34054257387978,213.0,0.0,371,159,39.35,4.55,377,156,39.47,4.76
28-02-2023_1300_213_0,1,171,170,170,168,1.7954798769310423,9.672910356542351,213.0,0.0,384,170,38.9,5.06,383,168,38.98,5.01
01-03-2023_0600_426_0,1,83,173,81,174,2.120851475952603,7.646888660194729,426.0,0.0,509,173,38.76,9.56,507,174,38.72,9.49
01-03-2023_2200_426_0,1,118,134,115,131,4.100386005900331,16.53795058452163,426.0,0.0,544,134,40.34,10.85,541,131,40.47,10.74
05-09-2023_0600_639_196,1,162,32,161,32,1.2412034744930103,3.186619365334878,639.0,196.0,801,228,36.72,19.8,800,228,36.72,19.76
05-09-2023_2200_639_196,1,129,71,124,71,4.508182823405952,15.778256850081899,639.0,196.0,768,267,35.22,18.43,763,267,35.22,18.25
06-09-2023_1400_639_196,1,111,79,110,78,1.552365618922865,4.905987083255844,639.0,196.0,750,275,34.91,17.77,749,274,34.95,17.74
07-09-2023_0600_639_196,1,131,105,128,105,3.096352702435068,9.444434724357837,639.0,196.0,770,301,33.97,18.34,767,301,33.97,18.24
08-09-2023_0300_639_196,1,127,86,147,85,20.144419987291847,63.795859323771936,639.0,196.0,766,282,34.66,18.29,786,281,34.71,18.98
08-09-2023_1900_639_196,1,108,108,106,105,3.9601824244883734,13.090991804629397,639.0,196.0,747,304,33.85,17.55,745,301,33.96,17.49
09-09-2023_1100_639_196,1,137,127,138,126,1.6914994770963794,5.392521527474389,639.0,196.0,776,323,33.18,18.45,777,322,33.21,18.49
08-11-2021_1700_426_0,1,44,169,12,174,32.90238137187429,101.50800481904868,426.0,0.0,470,169,38.92,8.16,438,174,38.72,7.01
27-02-2023_2200_213_0,1,175,161,171,156,5.825747342204917,26.53869854290666,213.0,0.0,388,161,39.26,5.18,384,156,39.46,5.02
28-02-2023_1400_213_0,1,178,176,176,175,2.5191884103289715,7.900257022985715,213.0,0.0,391,176,38.66,5.33,389,175,38.7,5.25
01-03-2023_0700_426_0,1,90,177,88,174,3.2974916451079577,14.659404656039484,426.0,0.0,516,177,38.6,9.81,514,174,38.72,9.74
01-03-2023_2300_426_0,1,115,136,115,131,4.7768839910927925,23.01572932005662,426.0,0.0,541,136,40.26,10.74,541,131,40.47,10.74
05-09-2023_0700_639_196,1,168,32,161,32,7.199657604378372,22.320088600793312,639.0,196.0,807,228,36.73,20.01,800,228,36.72,19.76
05-09-2023_2300_639_196,1,131,77,125,78,6.029368235244286,19.873490412804784,639.0,196.0,770,273,35.0,18.47,764,274,34.96,18.26
06-09-2023_1500_639_196,1,111,79,110,78,1.5146002061023285,4.905987083255844,639.0,196.0,750,275,34.91,17.77,749,274,34.95,17.74
07-09-2023_0700_639_196,1,130,103,128,105,2.9996337534447646,10.881365619441462,639.0,196.0,769,299,34.04,18.32,767,301,33.97,18.24
08-09-2023_0400_639_196,1,125,86,140,85,15.262945129545122,48.01048443076782,639.0,196.0,764,282,34.66,18.22,779,281,34.71,18.74
08-09-2023_2000_639_196,1,109,107,106,105,3.730122345931619,11.747749712490064,639.0,196.0,748,303,33.88,17.58,745,301,33.96,17.49
09-09-2023_1200_639_196,1,145,135,146,133,2.2882017183357304,8.951307299873276,639.0,196.0,784,331,32.89,18.69,785,329,32.97,18.73
08-11-2021_1800_426_0,1,25,179,12,174,14.028569115664784,46.83152453374686,426.0,0.0,451,179,38.52,7.48,438,174,38.72,7.01
