start_time,end_time
2011-11-05 05:00:00,2011-11-09 14:00:00
2012-04-10 19:00:00,2012-04-14 21:00:00
2013-11-18 10:00:00,2013-11-21 02:00:00
2014-01-18 21:00:00,2014-01-22 09:00:00
2014-11-05 23:00:00,2014-11-10 10:00:00
2014-11-29 19:00:00,2014-12-03 20:00:00
2015-09-29 18:00:00,2015-10-03 03:00:00
2016-02-27 16:00:00,2016-03-02 10:00:00
2016-10-27 13:00:00,2016-11-02 01:00:00
2017-11-14 23:00:00,2017-11-19 19:00:00
2018-09-26 13:00:00,2018-10-02 14:00:00
2019-11-09 20:00:00,2019-11-11 21:00:00
2020-09-12 05:00:00,2020-09-20 18:00:00
2020-12-12 17:00:00,2020-12-17 17:00:00
2020-12-24 09:00:00,2020-12-28 01:00:00
