id,new_start,new_end,name
7001358,2012-04-13 04:15:00,2012-04-14 21:00:00,
7001421,2013-11-18 22:00:00,2013-11-20 09:00:00,
7001500,2015-09-30 21:25:00,2015-10-01 21:00:00,
7001466,2014-11-30 06:25:00,2014-12-03 06:30:00,
7001521,2016-02-28 23:20:00,2016-03-01 08:05:00,
7001715,2020-12-13 08:20:00,2020-12-16 13:45:00,
7001674,2019-11-10 09:30:00,2019-11-11 17:30:00,
7001716,2020-12-25 10:35:00,2020-12-27 10:50:00,
7001702,2020-09-14 23:50:00,2020-09-18 19:40:00,
7001575,2017-11-16 14:45:00,2017-11-18 12:40:00,
7001542,2016-10-28 06:30:00,2016-10-31 01:50:00,
7001461,2014-11-07 00:10:00,2014-11-08 14:00:00,
7001328,2011-11-05 22:55:00,2011-11-08 08:05:00,
7001283,2010-10-12 12:55:00,2010-10-13 13:25:00,
,2021-10-28 10:35:00,2021-10-30 13:00:00,Apollo
,2021-11-08 10:20:00,2021-11-09 06:35:00,Blas
,2023-09-05 03:20:00,2023-09-10 02:00:00,Daniel
,2023-02-27 19:00:00,2023-03-02 13:30:00,Juliette
